periodo,Índice de volumen físico,Var. mensual (%)
May 25 P,101.6,0.0009
Jun 25 P,101.2,-0.00393700787401563
Jul 25 P,100.2,-0.00988142292490124
Ago 25 P,100,-0.001996007984031989
Sep 25 P,99.9,-0.0009999999999998899
Oct 25 P,100.7,0.00800800800800805
Nov 25 P,101.3,0.005958291956305706
Dic 25 P,100.4,-0.008884501480750151
Ene 26 P,100.8,0.003984063745019917
Feb 26 P,,0.03627834150198428
Mar 26 P,100.3,-0.03979496367986446
Abr 26 P,102.4,0.020937188434696052
