periodo,Índice total (desest.),Var. mensual total (%),Var. anual total (%),Índice construcción (desest.),Var. mensual construcción (%),Var. anual construcción (%),Índice maquinaria y equipo (desest.),Var. mensual maquinaria y equipo (%),Var. anual maquinaria y equipo (%),Índice residencial (desest.),Var. anual residencial (%),Índice no residencial (desest.),Var. anual no residencial (%),Índice maquinaria y equipo nacional (desest.),Var. anual maquinaria y equipo nacional (%),Índice equipo de transporte nacional (desest.),Var. anual equipo de transporte nacional (%),"Índice maquinaria, equipo y otros bienes nacionales (desest.)","Var. anual maquinaria, equipo y otros bienes nacionales (%)",Índice maquinaria y equipo importado (desest.),Var. anual maquinaria y equipo importado (%),Índice equipo de transporte importado (desest.),Var. anual equipo de transporte importado (%),"Índice maquinaria, equipo y otros bienes importados (desest.)","Var. anual maquinaria, equipo y otros bienes importados (%)",Índice total (original),Var. anual original total (%),Acumulado ene-mes total (%),Índice construcción (original),Var. anual original construcción (%),Acumulado ene-mes construcción (%),Índice residencial (original),Var. anual original residencial (%),Acumulado ene-mes residencial (%),Índice no residencial (original),Var. anual original no residencial (%),Acumulado ene-mes no residencial (%),Índice maquinaria y equipo (original),Var. anual original maquinaria y equipo (%),Acumulado ene-mes maquinaria y equipo (%)
Ene 93,54.56,,,70.92,,,36.18,,,64.69,,78.19,,60.35,,51.97,,65.74,,17.88,,12.2,,18.28,,53.16,,,68.4,,,60.93,,,76.61,,,35.52,,
Feb 93,55.73,0.021444,,73.2,0.032149,,35.87,-0.008568,,65.75,,81.09,,59.57,,55.47,,62.65,,18.25,,11.39,,18.88,,56.33,,,76.11,,,68.15,,,84.86,,,33.42,,
Mar 93,56.5,0.013817,,74.68,0.020219,,35.73,-0.003903,,66.59,,82.27,,62.78,,58.86,,65.66,,15.85,,11.68,,17.7,,58.23,,,76.81,,,64.98,,,89.83,,,36.71,,
Abr 93,56.0,-0.00885,,72.43,-0.030129,,36.49,0.021271,,63.82,,80.84,,62.47,,57.82,,65.97,,18.71,,26.65,,18.27,,53.71,,,68.2,,,62.13,,,74.88,,,36.94,,
May 93,57.06,0.018929,,74.71,0.031479,,36.53,0.001096,,66.0,,84.9,,60.86,,57.28,,67.2,,18.56,,32.67,,17.84,,52.49,,,69.0,,,54.83,,,84.61,,,33.37,,
Jun 93,54.91,-0.03768,,72.84,-0.02503,,34.4,-0.058308,,64.05,,83.79,,58.56,,53.89,,65.19,,17.51,,14.85,,17.7,,50.28,,,67.06,,,58.1,,,76.92,,,30.85,,
Jul 93,55.84,0.016937,,74.31,0.020181,,35.53,0.032849,,63.78,,86.72,,59.15,,54.55,,68.25,,18.13,,11.16,,19.02,,54.29,,,70.28,,,59.46,,,82.21,,,35.76,,
Ago 93,57.31,0.026325,,74.95,0.008613,,36.47,0.026457,,61.9,,90.39,,61.29,,52.51,,73.93,,17.99,,15.24,,18.18,,58.47,,,77.63,,,66.06,,,90.37,,,36.29,,
Sep 93,57.92,0.010644,,76.62,0.022282,,36.32,-0.004113,,61.82,,93.66,,60.52,,58.02,,66.15,,18.16,,12.96,,18.89,,58.23,,,78.17,,,75.02,,,81.65,,,35.14,,
Oct 93,59.2,0.022099,,77.7,0.014096,,37.77,0.039923,,60.04,,97.0,,64.9,,57.23,,75.82,,17.87,,9.21,,19.16,,59.53,,,79.84,,,60.97,,,100.63,,,36.0,,
Nov 93,61.31,0.035642,,80.72,0.038867,,38.06,0.007678,,59.66,,102.84,,64.53,,62.75,,65.44,,18.08,,15.28,,18.5,,63.85,,,79.44,,,58.08,,,102.96,,,45.79,,
Dic 93,60.96,-0.005709,,74.78,-0.073588,,45.35,0.19154,,57.57,,94.36,,78.13,,75.8,,66.63,,20.58,,20.09,,18.92,,69.77,,,87.24,,,64.91,,,111.83,,,49.54,,
Ene 94,62.39,0.023458,0.143512,83.25,0.113266,0.173858,38.77,-0.145094,0.071587,61.21,-0.053795,107.1,0.36974,62.98,0.043579,58.61,0.127766,63.94,-0.027381,20.42,0.142058,14.76,0.209836,20.67,0.130744,61.24,0.151994,0.151994,81.2,0.187135,0.187135,58.54,-0.039225,-0.039225,106.15,0.385589,0.385589,38.13,0.07348,0.07348
Feb 94,63.96,0.025164,0.147676,86.36,0.037357,0.179781,38.19,-0.01496,0.064678,63.17,-0.03924,111.49,0.374892,60.34,0.012926,54.44,-0.018569,65.45,0.044693,21.48,0.176986,19.39,0.702371,21.62,0.145127,64.42,0.143618,0.147685,89.12,0.170937,0.178604,65.04,-0.045635,-0.042609,115.64,0.362715,0.373568,35.8,0.071215,0.072382
Mar 94,65.97,0.031426,0.167611,90.43,0.047128,0.2109,38.12,-0.001833,0.066891,63.86,-0.040997,116.41,0.414975,60.61,-0.034565,55.75,-0.052837,65.06,-0.009138,21.23,0.339432,39.44,2.376712,20.68,0.168362,66.65,0.144599,0.146613,91.37,0.189559,0.182406,61.1,-0.059711,-0.048336,124.69,0.388066,0.37875,38.03,0.035958,0.059726
Abr 94,67.58,0.024405,0.206786,92.25,0.020126,0.273644,38.75,0.016527,0.061935,64.83,0.015826,122.43,0.514473,64.71,0.035857,58.67,0.014701,68.58,0.039563,21.19,0.132549,23.94,-0.101689,21.49,0.176245,65.17,0.213368,0.162805,87.56,0.283871,0.206307,63.6,0.02366,-0.030876,113.95,0.521768,0.411583,39.24,0.062263,0.060383
May 94,66.04,-0.022788,0.157378,90.65,-0.017344,0.213358,37.63,-0.028903,0.030112,63.64,-0.035758,118.55,0.396349,60.53,-0.005422,53.12,-0.072626,70.08,0.042857,20.61,0.110453,20.3,-0.378635,21.21,0.188901,61.26,0.167079,0.163624,83.89,0.215797,0.208133,53.03,-0.032829,-0.03122,117.87,0.393098,0.407775,35.05,0.050345,0.058479
Jun 94,66.28,0.003634,0.207066,90.15,-0.005516,0.237644,38.87,0.032952,0.129942,63.54,-0.007963,120.0,0.432152,62.81,0.072575,57.3,0.063277,70.8,0.086056,21.52,0.229012,17.94,0.208081,21.73,0.227684,60.8,0.209228,0.170697,82.98,0.237399,0.212745,57.78,-0.005508,-0.027173,110.74,0.439678,0.412807,35.1,0.137763,0.070306
Jul 94,66.13,-0.002263,0.184277,89.73,-0.004659,0.207509,38.99,0.003087,0.097382,64.03,0.00392,118.65,0.368196,60.7,0.026205,52.65,-0.03483,72.24,0.058462,22.57,0.244898,27.87,1.497312,21.44,0.127234,63.42,0.168171,0.170335,85.47,0.216135,0.213226,59.95,0.008241,-0.02226,113.57,0.381462,0.408285,37.89,0.059564,0.068722
Ago 94,66.58,0.006805,0.161752,90.13,0.004458,0.202535,39.31,0.008207,0.077872,65.09,0.051535,119.71,0.324372,62.69,0.022842,57.92,0.103028,72.51,-0.019207,22.03,0.224569,14.08,-0.076115,22.86,0.257426,68.97,0.179579,0.171572,93.66,0.206492,0.212314,69.65,0.054345,-0.012029,120.1,0.328981,0.397431,40.38,0.112703,0.074446
Sep 94,65.67,-0.013668,0.133805,88.44,-0.018751,0.154268,39.23,-0.002035,0.080121,66.15,0.070042,116.53,0.244181,62.36,0.030403,52.67,-0.09221,74.62,0.128042,22.17,0.220815,20.89,0.611883,22.35,0.183166,66.15,0.136012,0.16739,90.41,0.156582,0.205629,80.15,0.068382,-0.001439,101.71,0.245683,0.380732,38.06,0.083096,0.075414
Oct 94,66.57,0.013705,0.124493,89.88,0.016282,0.156757,38.98,-0.006373,0.032036,66.61,0.109427,114.78,0.183299,59.61,-0.08151,49.46,-0.135768,72.77,-0.040227,23.52,0.316172,26.43,1.869707,23.03,0.201983,66.86,0.123131,0.162641,92.54,0.159068,0.200547,67.93,0.114155,0.009736,119.64,0.18891,0.357822,37.11,0.030833,0.070829
Nov 94,65.25,-0.019829,0.064264,86.74,-0.034935,0.074579,39.98,0.025654,0.050447,66.14,0.108615,107.88,0.049008,61.32,-0.049744,49.53,-0.210677,73.29,0.119957,24.66,0.363938,26.93,0.762435,24.4,0.318919,67.99,0.064839,0.152545,85.54,0.076788,0.188423,64.55,0.111398,0.01831,108.65,0.055264,0.324876,47.67,0.041057,0.067384
Dic 94,58.16,-0.108659,-0.045932,76.05,-0.123242,0.016983,38.32,-0.041521,-0.155017,66.97,0.163279,86.98,-0.078211,61.09,-0.218098,48.09,-0.365567,69.61,0.044725,21.31,0.035471,7.96,-0.603783,21.99,0.162262,66.47,-0.047298,0.132289,88.25,0.011577,0.171246,75.15,0.157757,0.03032,102.66,-0.081999,0.281843,41.24,-0.167541,0.04125
Ene 95,51.28,-0.118294,-0.178073,71.87,-0.054964,-0.136697,28.03,-0.268528,-0.277018,65.69,0.073191,78.59,-0.2662,46.32,-0.264528,24.12,-0.588466,70.61,0.104317,14.43,-0.29334,8.44,-0.428184,14.96,-0.276246,51.03,-0.166721,-0.166721,70.88,-0.127094,-0.127094,63.74,0.088828,0.088828,78.76,-0.258031,-0.258031,28.03,-0.264883,-0.264883
Feb 95,42.34,-0.174337,-0.338024,57.38,-0.201614,-0.335572,24.99,-0.108455,-0.34564,56.81,-0.100681,58.07,-0.479146,41.88,-0.305933,19.24,-0.646583,68.41,0.045225,11.99,-0.441806,7.78,-0.598762,12.57,-0.418594,42.34,-0.342751,-0.256963,58.44,-0.344255,-0.240723,57.62,-0.114084,-0.017964,59.35,-0.486769,-0.377294,23.69,-0.338268,-0.300419
Mar 95,42.37,0.000709,-0.357738,57.23,-0.002614,-0.367135,25.64,0.02601,-0.327387,57.73,-0.095991,57.31,-0.507688,41.36,-0.317604,17.91,-0.678744,68.42,0.051645,14.13,-0.334432,8.54,-0.783469,15.7,-0.240812,43.27,-0.350788,-0.289481,57.9,-0.366313,-0.284573,55.4,-0.09329,-0.042885,60.65,-0.513594,-0.426345,26.31,-0.308178,-0.303055
Abr 95,41.51,-0.020297,-0.385765,57.19,-0.000699,-0.380054,22.33,-0.129095,-0.423742,57.37,-0.11507,56.24,-0.540635,37.16,-0.425746,15.74,-0.73172,63.32,-0.076699,12.22,-0.423313,8.33,-0.652047,13.06,-0.392275,38.35,-0.411539,-0.320374,53.36,-0.390589,-0.311152,55.13,-0.133176,-0.066014,51.41,-0.548837,-0.45666,20.96,-0.465851,-0.345304
May 95,38.42,-0.07444,-0.418231,50.89,-0.110159,-0.43861,24.29,0.087774,-0.354504,55.82,-0.122879,47.98,-0.595276,38.32,-0.366925,15.16,-0.714608,60.54,-0.13613,13.73,-0.333819,8.76,-0.568473,14.43,-0.319661,36.3,-0.407444,-0.337109,47.22,-0.43712,-0.33555,46.68,-0.119744,-0.07547,47.81,-0.594384,-0.484731,23.66,-0.324964,-0.341477
Jun 95,40.13,0.044508,-0.394538,53.83,0.057772,-0.402884,24.38,0.003705,-0.372781,57.52,-0.094743,49.96,-0.583667,36.94,-0.411877,13.14,-0.770681,61.45,-0.132062,14.83,-0.310874,10.84,-0.395764,15.18,-0.301427,36.87,-0.393586,-0.346156,49.51,-0.40335,-0.34645,52.43,-0.092593,-0.078226,46.3,-0.581904,-0.500348,22.24,-0.366382,-0.345426
Jul 95,40.34,0.005233,-0.389989,53.4,-0.007988,-0.404881,24.86,0.019688,-0.362401,57.21,-0.106513,49.83,-0.580025,37.84,-0.376606,13.31,-0.747198,59.77,-0.172619,15.03,-0.334072,12.31,-0.558306,15.26,-0.288246,38.79,-0.388363,-0.352199,51.42,-0.398385,-0.353829,54.18,-0.096247,-0.080804,48.38,-0.574007,-0.510771,24.16,-0.362365,-0.347902
Ago 95,40.74,0.009916,-0.388105,54.93,0.028652,-0.390547,24.44,-0.016895,-0.378275,59.4,-0.087417,49.67,-0.585081,37.09,-0.408359,11.22,-0.806285,62.73,-0.134878,15.04,-0.317295,17.2,0.221591,14.59,-0.361767,42.41,-0.385095,-0.356631,57.62,-0.384796,-0.358001,64.17,-0.078679,-0.080501,50.4,-0.58035,-0.519827,24.8,-0.385835,-0.353014
Sep 95,42.75,0.049337,-0.349018,58.09,0.057528,-0.343171,24.84,0.016367,-0.366811,58.47,-0.1161,54.14,-0.535399,37.59,-0.39721,11.31,-0.785267,63.08,-0.15465,15.28,-0.31078,18.71,-0.104356,14.69,-0.342729,43.08,-0.348753,-0.355729,59.77,-0.338901,-0.355803,70.95,-0.114785,-0.085332,47.46,-0.533379,-0.521173,23.76,-0.375723,-0.355573
Oct 95,42.89,0.003275,-0.355716,58.45,0.006197,-0.349688,24.5,-0.013688,-0.371473,60.17,-0.096682,56.29,-0.509584,37.47,-0.371414,13.87,-0.719571,63.4,-0.128762,14.91,-0.366071,17.84,-0.325009,14.41,-0.374294,43.26,-0.352976,-0.355444,60.28,-0.348606,-0.355044,61.45,-0.095392,-0.086405,59.0,-0.506854,-0.519676,23.54,-0.36567,-0.356573
Nov 95,44.49,0.037305,-0.318161,62.73,0.073225,-0.276804,23.88,-0.025306,-0.402701,62.81,-0.050348,62.12,-0.424175,36.98,-0.396934,10.67,-0.784575,65.01,-0.112976,14.33,-0.418897,16.06,-0.403639,13.9,-0.430328,46.44,-0.316958,-0.351774,62.14,-0.273556,-0.347812,61.15,-0.052672,-0.0833,63.25,-0.417855,-0.510844,28.24,-0.407594,-0.36233
Dic 95,46.21,0.03866,-0.205468,65.29,0.04081,-0.141486,24.37,0.020519,-0.36404,65.4,-0.023443,66.02,-0.240975,37.08,-0.393027,12.91,-0.731545,67.21,-0.034478,14.96,-0.297982,13.87,0.742462,14.5,-0.340609,51.98,-0.217993,-0.340364,74.88,-0.151501,-0.331343,72.83,-0.030872,-0.078226,77.13,-0.248685,-0.490988,25.47,-0.382396,-0.364115
Ene 96,47.06,0.018394,-0.082293,66.34,0.016082,-0.076944,25.89,0.062372,-0.076347,64.91,-0.011874,67.79,-0.137422,40.69,-0.121546,15.68,-0.349917,69.36,-0.017703,15.2,0.053361,17.85,1.114929,14.61,-0.023396,47.68,-0.065648,-0.065648,65.62,-0.07421,-0.07421,63.38,-0.005648,-0.005648,68.09,-0.135475,-0.135475,26.9,-0.040314,-0.040314
Feb 96,45.77,-0.027412,0.081011,63.34,-0.045222,0.103869,25.93,0.001545,0.037615,61.52,0.082908,65.42,0.126571,42.17,0.006925,17.14,-0.109148,70.85,0.035667,14.32,0.194329,16.68,1.143959,14.29,0.136834,46.14,0.08975,0.00482,63.52,0.086927,-0.001392,61.6,0.069073,0.029829,65.63,0.105813,-0.031786,26.01,0.097932,0.023009
Mar 96,46.35,0.012672,0.093934,63.9,0.008841,0.116547,25.91,-0.000771,0.01053,60.19,0.042612,69.0,0.203978,41.39,0.000725,17.81,-0.005583,68.08,-0.004969,14.47,0.024062,16.75,0.961358,14.78,-0.058599,46.12,0.065865,0.024151,64.07,0.106563,0.031994,57.25,0.033394,0.030946,71.57,0.180049,0.032854,25.32,-0.037628,0.002563
Abr 96,48.17,0.039266,0.160443,65.64,0.02723,0.147753,27.28,0.052875,0.221675,59.65,0.039742,72.04,0.280939,43.64,0.174381,20.51,0.30305,69.78,0.102021,15.96,0.306056,31.11,2.734694,15.05,0.152374,44.92,0.171317,0.056403,60.88,0.14093,0.056156,56.79,0.030111,0.030747,65.38,0.271737,0.081944,26.44,0.26145,0.05738
May 96,49.04,0.018061,0.276419,66.86,0.018586,0.313814,28.67,0.050953,0.180321,60.12,0.077033,75.06,0.564402,46.95,0.225209,23.23,0.532322,71.32,0.178064,15.37,0.119446,18.13,1.069635,15.14,0.049203,46.56,0.282645,0.095272,62.28,0.318933,0.09927,50.5,0.081834,0.039308,75.24,0.573729,0.16085,28.36,0.198648,0.084631
Jun 96,50.77,0.035277,0.265138,69.27,0.036045,0.286829,28.84,0.00593,0.182937,61.12,0.062587,78.39,0.569055,47.28,0.279913,25.47,0.938356,70.31,0.144182,15.02,0.012812,17.99,0.659594,14.7,-0.031621,45.88,0.244372,0.117424,63.77,0.288023,0.126975,55.97,0.067519,0.043776,72.36,0.562851,0.214912,25.16,0.131295,0.091794
Jul 96,52.1,0.026197,0.291522,72.03,0.039844,0.348876,28.97,0.004508,0.165326,62.08,0.085125,83.05,0.666667,47.6,0.257928,25.37,0.906086,69.05,0.155262,15.41,0.025283,18.93,0.537774,14.94,-0.02097,51.44,0.326115,0.145635,70.32,0.367561,0.158799,59.87,0.10502,0.052391,81.84,0.691608,0.273646,29.56,0.22351,0.110618
Ago 96,52.1,0.0,0.278841,71.37,-0.009163,0.29929,29.65,0.023473,0.213175,59.53,0.002189,84.67,0.704651,47.7,0.286061,29.29,1.610517,67.62,0.077953,16.28,0.082447,18.41,0.070349,15.62,0.070596,54.31,0.280594,0.163013,75.9,0.317251,0.179254,64.88,0.011064,0.046489,88.04,0.746825,0.327473,29.3,0.181452,0.11968
Sep 96,52.61,0.009789,0.230643,71.3,-0.000981,0.227406,30.25,0.020236,0.217794,59.75,0.021892,84.36,0.558182,47.86,0.273211,29.02,1.565871,67.86,0.075777,17.14,0.121728,18.04,-0.03581,16.7,0.136828,52.91,0.22818,0.170551,74.12,0.240087,0.186438,73.67,0.038337,0.045378,74.6,0.57185,0.351117,28.36,0.193603,0.127751
Oct 96,54.19,0.030032,0.263465,74.02,0.038149,0.266382,31.52,0.041983,0.286531,60.97,0.013296,87.83,0.560313,49.88,0.331198,31.76,1.289834,70.11,0.105836,18.06,0.211268,22.39,0.255045,17.26,0.197779,55.67,0.28687,0.182656,76.86,0.27505,0.195869,62.38,0.015134,0.042183,92.8,0.572881,0.374927,31.12,0.322005,0.146714
Nov 96,53.89,-0.005536,0.211283,73.77,-0.003377,0.175992,31.28,-0.007614,0.309883,60.31,-0.039803,87.82,0.413715,48.78,0.319091,29.81,1.793814,69.85,0.07445,18.27,0.274948,19.56,0.217933,17.84,0.283453,55.84,0.202412,0.184641,72.67,0.169456,0.193257,57.7,-0.056419,0.032804,89.15,0.409486,0.378494,36.35,0.287181,0.161439
Dic 96,55.37,0.027463,0.198225,74.91,0.015453,0.147343,33.25,0.06298,0.364382,62.23,-0.048471,88.91,0.346713,51.62,0.392125,31.87,1.468629,72.06,0.072162,19.8,0.323529,23.54,0.697188,18.9,0.303448,61.89,0.19065,0.185249,84.44,0.127671,0.186276,68.34,-0.06165,0.023193,102.17,0.324647,0.372474,35.78,0.40479,0.182459
Ene 97,53.62,-0.031606,0.139397,72.18,-0.036444,0.088031,33.49,0.007218,0.29355,60.66,-0.065475,84.77,0.250479,52.43,0.288523,33.75,1.152423,72.28,0.042099,19.7,0.296053,24.64,0.380392,18.76,0.284052,54.0,0.13255,0.13255,70.75,0.078177,0.078177,58.51,-0.076838,-0.076838,84.23,0.237039,0.237039,34.59,0.285874,0.285874
Feb 97,54.29,0.012495,0.186148,72.06,-0.001663,0.13767,33.58,0.002687,0.295025,61.03,-0.007965,84.41,0.290278,52.18,0.237373,32.61,0.902567,73.03,0.030769,19.68,0.374302,26.03,0.560552,19.72,0.379986,53.78,0.165583,0.148796,72.06,0.134446,0.105854,60.78,-0.013312,-0.045527,84.48,0.287216,0.261666,32.61,0.253749,0.270081
Mar 97,54.42,0.002395,0.17411,71.37,-0.009575,0.116901,33.77,0.005658,0.303358,60.44,0.004154,83.78,0.214203,52.13,0.259483,31.56,0.772038,75.02,0.101939,20.22,0.397374,26.71,0.594627,19.58,0.324763,51.17,0.109497,0.135844,68.86,0.074762,0.095544,55.08,-0.037904,-0.043132,84.03,0.174095,0.231136,30.68,0.21169,0.251182
Abr 97,57.13,0.049798,0.186008,76.16,0.067115,0.160268,35.38,0.047675,0.296921,64.92,0.088349,88.68,0.230983,54.45,0.247709,32.52,0.585568,77.83,0.115363,21.25,0.331454,28.87,-0.072003,21.35,0.418605,55.83,0.242876,0.161852,72.68,0.193824,0.119092,64.23,0.131009,-0.001757,81.98,0.2539,0.236635,36.33,0.374054,0.28222
May 97,58.13,0.017504,0.185359,77.77,0.02114,0.163177,35.34,-0.001131,0.232647,66.49,0.105955,90.09,0.20024,54.47,0.16017,34.39,0.480413,76.44,0.071789,21.4,0.392323,28.96,0.597352,20.3,0.340819,55.16,0.184708,0.166451,72.92,0.170841,0.129279,56.28,0.114455,0.018513,91.25,0.212786,0.231447,34.59,0.219676,0.268887
Jun 97,59.12,0.017031,0.164467,76.81,-0.012344,0.108849,38.21,0.081211,0.324896,65.55,0.07248,89.55,0.142365,58.75,0.242597,37.63,0.477424,81.15,0.154174,22.79,0.51731,39.14,1.175653,20.88,0.420408,53.83,0.173278,0.16758,70.85,0.111024,0.126217,60.42,0.079507,0.028394,82.33,0.137783,0.215244,34.13,0.356518,0.282824
Jul 97,59.35,0.00389,0.139155,77.46,0.008462,0.075385,38.66,0.011777,0.334484,65.42,0.053802,90.46,0.089223,61.28,0.287395,39.93,0.573906,83.56,0.210138,22.07,0.432187,25.31,0.337031,21.83,0.461178,59.0,0.146967,0.164355,76.14,0.082765,0.119433,63.84,0.06631,0.033994,89.68,0.095797,0.195697,39.15,0.324425,0.289374
Ago 97,60.99,0.027633,0.170633,79.64,0.028144,0.115875,39.22,0.014485,0.322766,67.23,0.129347,93.25,0.101335,58.41,0.224528,37.38,0.276203,80.83,0.195356,24.92,0.530713,35.07,0.904943,23.02,0.473752,63.36,0.166636,0.164678,85.79,0.130303,0.121001,73.84,0.138101,0.048358,98.94,0.123807,0.184936,37.38,0.275768,0.287537
Sep 97,60.52,-0.007706,0.150352,78.26,-0.017328,0.097616,40.26,0.026517,0.330909,65.69,0.099414,92.06,0.091275,61.98,0.295027,42.83,0.475879,83.04,0.223696,24.38,0.422404,35.03,0.941796,22.33,0.337126,62.34,0.178227,0.166323,82.41,0.111846,0.119871,82.48,0.119587,0.058006,82.33,0.103619,0.175783,39.1,0.378702,0.298073
Oct 97,60.77,0.004131,0.121425,78.36,0.001278,0.058633,40.71,0.011177,0.291561,65.51,0.074463,92.51,0.053285,61.82,0.239374,40.67,0.280542,84.21,0.201113,25.32,0.401993,35.21,0.572577,23.48,0.360371,62.19,0.117119,0.160751,81.29,0.057637,0.112809,66.49,0.065887,0.058817,97.59,0.051616,0.160532,40.06,0.287275,0.296857
Nov 97,62.77,0.032911,0.16478,78.64,0.003573,0.066016,43.94,0.079342,0.404731,65.71,0.089537,92.95,0.058415,66.83,0.370029,43.73,0.466957,93.86,0.343737,26.61,0.456486,40.47,1.069018,24.14,0.353139,64.18,0.149355,0.159589,77.01,0.059722,0.107665,61.7,0.069324,0.05973,93.87,0.052944,0.149177,49.32,0.356809,0.303823
Dic 97,60.95,-0.028995,0.100777,76.42,-0.02823,0.020158,42.97,-0.022076,0.292331,63.31,0.017355,90.81,0.02137,63.48,0.229756,41.37,0.298086,86.58,0.201499,28.07,0.417677,40.57,0.723449,26.36,0.394709,67.8,0.095492,0.153079,84.46,0.000237,0.096794,68.32,-0.000293,0.054129,102.24,0.000685,0.133154,48.51,0.355785,0.309155
Ene 98,60.83,-0.001969,0.134465,77.86,0.018843,0.078692,42.66,-0.007214,0.273813,63.98,0.054731,93.23,0.099799,62.9,0.199695,41.42,0.227259,85.6,0.184283,27.75,0.408629,46.27,0.877841,24.68,0.315565,60.46,0.11963,0.11963,75.5,0.067138,0.067138,60.93,0.04136,0.04136,91.55,0.086905,0.086905,43.04,0.24429,0.24429
Feb 98,65.22,0.072168,0.201326,81.73,0.049705,0.134194,45.94,0.076887,0.368076,66.38,0.087662,98.63,0.168463,65.46,0.254504,42.72,0.310028,89.11,0.220183,31.58,0.604675,92.15,2.540146,24.53,0.243915,64.83,0.205467,0.162461,82.32,0.142381,0.105105,66.74,0.098059,0.070249,99.47,0.177438,0.132239,44.57,0.366759,0.30372
Mar 98,66.21,0.015179,0.216648,83.53,0.022024,0.17038,46.19,0.005442,0.367782,67.66,0.119457,100.85,0.203748,68.84,0.320545,48.72,0.543726,90.17,0.201946,29.93,0.480218,53.52,1.003744,26.7,0.363636,65.92,0.288255,0.202957,83.24,0.20883,0.138848,63.96,0.16122,0.098985,104.46,0.243127,0.169107,45.86,0.494785,0.363609
Abr 98,64.36,-0.027941,0.126553,82.3,-0.014725,0.08062,43.42,-0.05997,0.227247,66.4,0.022797,99.57,0.122801,65.61,0.204959,45.49,0.398831,86.5,0.111397,25.85,0.216471,40.39,0.39903,25.39,0.189227,59.66,0.068601,0.168032,75.72,0.041827,0.11405,63.39,-0.013078,0.068818,89.29,0.089168,0.149528,41.07,0.130471,0.300499
May 98,66.86,0.038844,0.150181,83.25,0.011543,0.070464,47.05,0.083602,0.331353,66.96,0.007069,100.41,0.114552,67.62,0.241417,46.25,0.344868,91.41,0.19584,32.01,0.495794,59.22,1.04489,27.9,0.374384,62.8,0.138506,0.161999,78.64,0.078442,0.106782,57.18,0.015991,0.058736,102.27,0.120767,0.143367,44.46,0.285343,0.297393
Jun 98,64.2,-0.039785,0.085927,81.07,-0.026186,0.055462,44.89,-0.045909,0.174823,65.29,-0.003966,98.94,0.104858,65.97,0.122894,44.89,0.192931,88.71,0.093161,29.44,0.291795,43.28,0.105774,27.75,0.329023,59.46,0.104589,0.152454,74.96,0.05801,0.098711,60.57,0.002483,0.04917,90.8,0.102879,0.136809,41.52,0.216525,0.283792
Jul 98,65.19,0.015421,0.098399,82.84,0.021833,0.069455,45.14,0.005569,0.167615,66.44,0.015592,100.78,0.114084,64.6,0.054178,38.8,-0.0283,90.39,0.081738,30.88,0.399184,56.53,1.233505,28.11,0.287678,65.02,0.102034,0.144682,81.83,0.074731,0.09509,65.15,0.02052,0.044806,100.18,0.117083,0.133851,45.55,0.163474,0.264334
Ago 98,64.83,-0.005522,0.062961,82.8,-0.000483,0.039679,43.96,-0.026141,0.120857,65.97,-0.018742,101.42,0.087614,66.93,0.145865,47.44,0.269128,88.56,0.095633,26.9,0.079454,18.69,-0.467066,27.12,0.178106,67.83,0.070549,0.134154,89.92,0.048141,0.088264,72.52,-0.017876,0.035417,109.08,0.102486,0.129398,42.25,0.130284,0.246404
Sep 98,66.3,0.022675,0.095506,85.48,0.032367,0.092257,44.54,0.013194,0.106309,69.08,0.051606,103.97,0.129372,66.77,0.077283,45.24,0.056269,90.1,0.085019,28.16,0.155045,23.73,-0.322581,28.3,0.267353,68.84,0.104267,0.13049,90.78,0.101565,0.089894,88.01,0.067047,0.039951,93.83,0.139682,0.130484,43.42,0.110486,0.229721
Oct 98,65.54,-0.011463,0.078493,84.18,-0.015208,0.074273,44.23,-0.00696,0.086465,67.39,0.028698,102.94,0.112745,67.43,0.090747,46.98,0.155151,88.36,0.049282,27.35,0.080174,22.62,-0.357569,27.55,0.173339,66.66,0.071877,0.124102,87.07,0.071103,0.087867,67.94,0.021808,0.038072,108.14,0.108105,0.127994,43.01,0.07364,0.212286
Nov 98,64.23,-0.019988,0.02326,81.02,-0.037539,0.030264,44.5,0.006104,0.012745,64.71,-0.015218,99.22,0.067456,65.79,-0.015562,46.89,0.072262,87.69,-0.065736,28.98,0.089064,24.97,-0.383,29.33,0.214996,65.79,0.025086,0.114092,78.65,0.021296,0.081696,59.97,-0.028039,0.032275,99.21,0.056887,0.121118,50.9,0.032036,0.190494
Dic 98,65.2,0.015102,0.069729,81.99,0.011972,0.072887,45.11,0.013708,0.049802,65.22,0.030169,100.39,0.105495,67.66,0.065848,47.74,0.153976,87.44,0.009933,28.41,0.012113,26.71,-0.341632,27.98,0.061457,71.54,0.055162,0.108405,89.05,0.054345,0.079172,69.17,0.012441,0.030519,110.94,0.085094,0.117685,51.25,0.056483,0.176252
Ene 99,67.25,0.031442,0.10554,86.52,0.055251,0.111225,45.83,0.015961,0.074308,68.55,0.071429,106.43,0.141585,67.4,0.071542,44.72,0.079672,90.84,0.061215,29.73,0.071351,26.46,-0.428139,30.04,0.21718,65.41,0.081872,0.081872,83.56,0.106755,0.106755,64.94,0.065813,0.065813,104.06,0.136647,0.136647,44.39,0.031366,0.031366
Feb 99,67.46,0.003123,0.034345,85.92,-0.006935,0.051266,45.87,0.000873,-0.001524,67.84,0.021995,105.75,0.072189,66.07,0.009319,44.75,0.047519,88.47,-0.007182,30.83,-0.023749,37.5,-0.593055,31.47,0.282919,67.11,0.035169,0.057706,87.23,0.059645,0.082182,68.69,0.029218,0.046683,107.65,0.082236,0.108313,43.79,-0.017501,0.006506
Mar 99,68.32,0.012748,0.031868,87.0,0.01257,0.041542,47.24,0.029867,0.022732,69.0,0.019805,106.2,0.053049,64.21,-0.067257,42.83,-0.120895,87.58,-0.028724,34.86,0.164718,54.02,0.009342,32.36,0.211985,69.18,0.049454,0.054861,87.07,0.046012,0.069692,65.39,0.022358,0.038564,110.94,0.062033,0.091952,48.45,0.056476,0.023676
Abr 99,67.51,-0.011856,0.048943,85.78,-0.014023,0.042284,46.52,-0.015241,0.071396,68.09,0.025452,104.93,0.053831,65.83,0.003353,43.89,-0.035173,89.15,0.030636,31.4,0.2147,34.29,-0.151027,31.92,0.257188,62.74,0.051626,0.054092,78.56,0.037507,0.061999,64.97,0.024925,0.035174,93.53,0.047486,0.081633,44.41,0.081325,0.037241
May 99,67.37,-0.002074,0.007628,85.21,-0.006645,0.023544,46.32,-0.004299,-0.015515,66.96,0.0,104.55,0.041231,66.51,-0.016415,45.66,-0.012757,89.02,-0.026146,31.18,-0.025929,32.68,-0.448159,31.26,0.12043,63.45,0.01035,0.045334,81.03,0.030392,0.055713,57.7,0.009094,0.030397,106.73,0.04361,0.073649,43.09,-0.030814,0.023425
Jun 99,68.03,0.009797,0.059657,86.83,0.019012,0.07105,46.72,0.008636,0.040766,69.18,0.05958,106.15,0.072872,65.76,-0.003183,43.62,-0.028291,89.68,0.010935,32.56,0.105978,31.18,-0.279575,32.85,0.183784,63.11,0.061386,0.047892,80.41,0.072705,0.058421,64.38,0.062902,0.035679,98.06,0.079956,0.07464,43.07,0.037331,0.025641
Jul 99,66.53,-0.022049,0.020555,84.86,-0.022688,0.024384,45.72,-0.021404,0.012849,67.55,0.016707,103.99,0.031852,64.9,0.004644,43.17,0.112629,87.53,-0.031641,31.62,0.023964,40.02,-0.292057,30.56,0.087158,66.16,0.017533,0.043387,84.29,0.030062,0.054219,66.47,0.020261,0.033385,103.92,0.037333,0.069128,45.17,-0.008342,0.020584
Ago 99,67.36,0.012476,0.039025,84.34,-0.006128,0.018599,47.65,0.042213,0.08394,66.76,0.011975,104.02,0.025636,67.02,0.001345,44.3,-0.066189,91.42,0.032294,33.56,0.247584,37.76,1.020332,32.33,0.192109,71.32,0.051452,0.044468,92.23,0.02569,0.050223,73.91,0.019167,0.031365,112.4,0.030436,0.063766,47.11,0.11503,0.03204
Sep 99,67.13,-0.003414,0.012519,84.97,0.00747,-0.005966,46.72,-0.019517,0.048945,67.97,-0.016068,104.59,0.005963,64.42,-0.035195,43.12,-0.046861,87.81,-0.025416,33.94,0.205256,38.2,0.609777,32.78,0.158304,69.75,0.013219,0.040726,90.2,-0.006389,0.043211,86.29,-0.019543,0.023878,94.51,0.007247,0.057746,46.07,0.061032,0.035253
Oct 99,67.77,0.009534,0.034025,85.47,0.005884,0.015324,47.04,0.006849,0.063532,67.85,0.006826,104.99,0.019915,64.07,-0.049829,38.41,-0.182418,90.06,0.019239,34.36,0.256307,46.1,1.038019,32.34,0.173866,67.54,0.013201,0.037866,87.37,0.003446,0.038989,67.62,-0.00471,0.020964,109.13,0.009155,0.052433,44.56,0.036038,0.035331
Nov 99,68.53,0.011214,0.066947,88.52,0.035685,0.09257,46.06,-0.020833,0.035056,69.85,0.079431,108.99,0.098468,65.04,-0.0114,42.1,-0.102154,90.45,0.031475,32.46,0.120083,41.56,0.664397,31.05,0.058643,71.62,0.088615,0.042586,86.31,0.097394,0.0441,65.1,0.085543,0.026296,109.66,0.105332,0.057255,54.62,0.073084,0.039288
Dic 99,69.99,0.021305,0.073466,88.43,-0.001017,0.078546,48.31,0.048849,0.070938,69.06,0.058878,109.59,0.091643,68.81,0.016997,47.5,-0.005027,91.49,0.046317,33.44,0.17705,43.01,0.610258,32.02,0.144389,76.49,0.069192,0.04503,94.86,0.065244,0.046007,72.48,0.047853,0.02817,119.49,0.077069,0.059088,55.21,0.077268,0.042913
Ene 00,70.54,0.007858,0.048922,88.56,0.00147,0.023578,49.9,0.032912,0.088806,70.0,0.021152,108.9,0.023208,68.53,0.016766,48.74,0.089893,88.63,-0.024328,36.26,0.219643,50.46,0.907029,34.14,0.136485,67.99,0.039444,0.039444,85.19,0.019507,0.019507,66.26,0.020326,0.020326,106.04,0.019027,0.019027,48.06,0.082676,0.082676
Feb 00,70.76,0.003119,0.048918,90.37,0.020438,0.051792,48.41,-0.02986,0.055374,71.78,0.058078,110.77,0.04747,69.94,0.058574,48.44,0.082458,92.66,0.047361,33.09,0.073305,43.0,0.146667,32.5,0.03273,71.16,0.060349,0.05003,91.81,0.052505,0.03636,72.94,0.061872,0.041682,112.6,0.045982,0.032733,47.23,0.078557,0.080631
Mar 00,70.08,-0.00961,0.025761,88.75,-0.017926,0.020115,49.13,0.014873,0.040008,70.57,0.022754,108.69,0.023446,72.3,0.125993,51.57,0.204063,94.62,0.080384,32.61,-0.064544,49.35,-0.086449,30.79,-0.048517,71.16,0.028621,0.042687,89.31,0.025726,0.03277,67.1,0.026151,0.036579,113.78,0.025599,0.03028,50.14,0.034881,0.064408
Abr 00,72.22,0.030537,0.069767,89.5,0.008451,0.043367,52.17,0.061877,0.121453,71.45,0.049346,109.31,0.041742,73.73,0.120006,51.94,0.183413,96.82,0.086035,35.35,0.125796,62.66,0.827355,32.38,0.014411,66.12,0.053873,0.045341,81.99,0.043661,0.035313,67.77,0.043097,0.038183,97.66,0.044157,0.033399,47.74,0.074983,0.067002
May 00,71.73,-0.006785,0.064717,90.31,0.00905,0.059852,50.77,-0.026835,0.096071,71.7,0.070789,110.03,0.052415,72.46,0.08946,50.26,0.100745,96.06,0.079083,34.6,0.109686,54.79,0.676561,32.35,0.034869,69.01,0.087628,0.053524,86.06,0.062076,0.040508,62.09,0.076083,0.044981,112.45,0.053593,0.037521,49.28,0.143653,0.081738
Jun 00,71.76,0.000418,0.054829,88.92,-0.015391,0.02407,52.08,0.025803,0.114726,71.27,0.030211,108.38,0.021008,72.9,0.108577,52.79,0.210225,95.09,0.060326,37.26,0.144349,69.51,1.229314,33.14,0.008828,66.63,0.055776,0.053887,82.77,0.02935,0.038706,66.56,0.033861,0.043127,100.63,0.026208,0.035734,47.93,0.11284,0.086751
Jul 00,71.97,0.002926,0.081768,87.22,-0.019118,0.027811,53.99,0.036674,0.180884,70.35,0.041451,105.88,0.018175,74.46,0.147304,55.4,0.283299,95.95,0.096196,38.74,0.225174,54.25,0.355572,36.7,0.200916,70.72,0.068924,0.056064,87.43,0.037252,0.038495,69.68,0.048292,0.043886,106.98,0.029446,0.034833,51.36,0.137038,0.094023
Ago 00,72.24,0.003752,0.072447,87.9,0.007796,0.04221,54.78,0.014632,0.149633,71.2,0.066507,106.58,0.024611,73.85,0.10191,55.28,0.247856,95.0,0.03916,40.89,0.218415,60.13,0.592426,37.86,0.171049,77.82,0.091139,0.060797,96.39,0.045105,0.039399,79.57,0.07658,0.048476,114.91,0.022331,0.033155,56.32,0.1955,0.107322
Sep 00,70.97,-0.01758,0.057202,85.64,-0.025711,0.007885,54.3,-0.008762,0.162243,70.16,0.03222,103.25,-0.012812,73.67,0.143589,53.56,0.242115,96.27,0.096344,40.17,0.183559,57.07,0.493979,37.46,0.14277,73.23,0.049892,0.059526,90.42,0.002439,0.035039,87.97,0.019469,0.044391,93.13,-0.014602,0.028311,53.31,0.157152,0.112982
Oct 00,71.84,0.012259,0.060056,85.66,0.000234,0.002223,55.81,0.027808,0.186437,70.58,0.040236,102.0,-0.028479,75.86,0.184017,53.37,0.389482,98.93,0.09849,40.98,0.192666,53.14,0.152711,38.9,0.202845,71.78,0.062778,0.059856,86.81,-0.00641,0.030788,69.81,0.032387,0.043198,105.54,-0.032897,0.021894,54.36,0.219928,0.12357
Nov 00,70.6,-0.017261,0.030206,84.15,-0.017628,-0.049367,54.57,-0.022218,0.184759,69.94,0.001288,99.41,-0.087898,72.41,0.113315,50.83,0.207363,96.45,0.066335,41.87,0.289895,59.84,0.439846,39.27,0.264734,74.46,0.039654,0.057893,82.21,-0.047503,0.023586,65.45,0.005376,0.039895,100.66,-0.082072,0.011985,65.5,0.199194,0.131754
Dic 00,68.52,-0.029462,-0.021003,81.48,-0.031729,-0.078593,53.26,-0.024006,0.102463,68.93,-0.001882,95.18,-0.13149,73.37,0.066269,49.79,0.048211,98.05,0.071702,38.28,0.144737,45.57,0.059521,37.31,0.165209,73.38,-0.040659,0.048631,86.93,-0.083597,0.013745,72.06,-0.005795,0.035846,103.31,-0.135409,-0.001882,57.69,0.044919,0.123192
Ene 01,67.77,-0.010946,-0.039269,82.0,0.006382,-0.074074,51.42,-0.034548,0.030461,68.73,-0.018143,96.47,-0.114141,72.9,0.063768,48.24,-0.010259,98.75,0.114183,35.76,-0.013789,48.52,-0.038446,34.31,0.004979,65.97,-0.02971,-0.02971,78.54,-0.078061,-0.078061,65.03,-0.018563,-0.018563,93.41,-0.119106,-0.119106,51.41,0.069705,0.069705
Feb 01,67.11,-0.009739,-0.051583,80.54,-0.017805,-0.108775,51.79,0.007196,0.06982,67.59,-0.058373,94.94,-0.142909,71.1,0.016586,46.69,-0.036127,97.57,0.052989,37.24,0.125416,50.03,0.163488,35.54,0.093538,65.77,-0.075745,-0.053252,81.43,-0.11306,-0.096215,68.57,-0.059912,-0.04023,95.59,-0.151066,-0.135565,47.64,0.008681,0.039458
Mar 01,66.9,-0.003129,-0.045377,80.96,0.005215,-0.087775,51.22,-0.011006,0.04254,68.86,-0.024231,95.09,-0.125127,69.37,-0.040526,45.7,-0.113826,95.52,0.009512,37.99,0.16498,46.99,-0.047822,36.97,0.200715,67.55,-0.050731,-0.052399,81.89,-0.083081,-0.09181,65.83,-0.018927,-0.033301,99.56,-0.124978,-0.131942,50.95,0.016155,0.031424
Abr 01,65.55,-0.020179,-0.092357,77.69,-0.04039,-0.131955,51.15,-0.001367,-0.019551,66.87,-0.064101,89.77,-0.178758,70.24,-0.047335,45.7,-0.120139,97.08,0.002685,37.0,0.046676,44.36,-0.292052,36.18,0.117356,60.76,-0.081065,-0.059256,71.85,-0.123674,-0.099311,63.43,-0.06404,-0.040902,81.11,-0.169465,-0.140462,47.92,0.00377,0.02459
May 01,65.09,-0.007018,-0.092569,79.08,0.017892,-0.124349,49.75,-0.02737,-0.020091,68.27,-0.047838,91.14,-0.17168,67.74,-0.065139,44.53,-0.114007,91.2,-0.050593,36.14,0.044509,50.67,-0.075196,34.45,0.064915,62.75,-0.090711,-0.06554,75.43,-0.123518,-0.104107,59.52,-0.041392,-0.040992,92.95,-0.17341,-0.147291,48.06,-0.024756,0.01456
Jun 01,65.56,0.007221,-0.086399,79.15,0.000885,-0.109874,50.01,0.005226,-0.039747,69.06,-0.031009,90.34,-0.166451,68.77,-0.056653,45.06,-0.146429,94.43,-0.006941,36.35,-0.024423,46.92,-0.324989,35.05,0.057634,60.84,-0.086898,-0.068993,74.14,-0.104265,-0.104132,64.84,-0.025841,-0.038488,84.38,-0.161483,-0.149512,45.44,-0.051951,0.003582
Jul 01,67.07,0.023032,-0.068084,81.18,0.025648,-0.06925,50.19,0.003599,-0.070383,71.59,0.017626,91.73,-0.133642,69.74,-0.06339,44.31,-0.200181,95.92,-0.000313,35.77,-0.076665,43.31,-0.201659,34.77,-0.052589,66.62,-0.057975,-0.067379,82.35,-0.058104,-0.097476,71.66,0.028416,-0.02862,94.12,-0.120209,-0.145333,48.41,-0.057438,-0.005589
Ago 01,66.65,-0.006262,-0.077381,81.99,0.009978,-0.067235,49.04,-0.022913,-0.104783,72.57,0.019242,92.18,-0.13511,68.57,-0.071496,42.88,-0.224313,96.44,0.015158,34.75,-0.150159,50.68,-0.157159,32.72,-0.135763,71.52,-0.080956,-0.069264,89.51,-0.071377,-0.093887,81.58,0.025261,-0.020853,98.23,-0.145157,-0.14531,50.68,-0.100142,-0.018967
Sep 01,66.81,0.002401,-0.058616,81.15,-0.010245,-0.052429,50.2,0.023654,-0.075506,72.17,0.028649,90.02,-0.128136,69.23,-0.060269,45.09,-0.15814,95.44,-0.008622,35.85,-0.107543,49.21,-0.137726,33.74,-0.099306,67.72,-0.075242,-0.069955,84.85,-0.061601,-0.090198,88.57,0.006821,-0.017048,80.75,-0.132932,-0.144107,47.88,-0.101857,-0.028757
Oct 01,64.86,-0.029187,-0.09716,79.18,-0.024276,-0.075648,48.42,-0.035458,-0.132414,70.91,0.004676,87.98,-0.137451,67.64,-0.108358,44.3,-0.169946,92.82,-0.061761,34.35,-0.161786,42.37,-0.202672,32.94,-0.153213,65.47,-0.087907,-0.071781,79.63,-0.082709,-0.089458,69.5,-0.004441,-0.015808,90.79,-0.139757,-0.143675,49.06,-0.097498,-0.036146
Nov 01,65.89,0.01588,-0.066714,80.5,0.016671,-0.043375,49.01,0.012185,-0.101887,72.57,0.037604,89.0,-0.104718,68.7,-0.051236,46.69,-0.081448,92.83,-0.037532,34.32,-0.18032,52.22,-0.12734,31.87,-0.188439,69.8,-0.062584,-0.070903,78.45,-0.045737,-0.085715,67.6,0.03285,-0.0117,90.39,-0.102027,-0.140075,59.79,-0.087176,-0.041997
Dic 01,66.3,0.006222,-0.032399,80.75,0.003106,-0.008959,49.72,0.014487,-0.066466,73.78,0.070361,88.42,-0.071023,66.99,-0.086957,43.61,-0.124121,91.98,-0.061907,36.85,-0.037356,62.93,0.380952,33.36,-0.10587,71.08,-0.031344,-0.067502,85.99,-0.010813,-0.079498,76.87,0.06675,-0.005028,96.04,-0.070371,-0.134394,53.82,-0.067083,-0.044298
Ene 02,64.52,-0.026848,-0.047956,77.83,-0.036161,-0.050854,49.54,-0.00362,-0.036562,70.8,0.030118,85.27,-0.116098,67.64,-0.072154,44.88,-0.069652,91.2,-0.076456,36.01,0.006991,58.93,0.214551,33.15,-0.033809,62.37,-0.05457,-0.05457,74.15,-0.055895,-0.055895,66.93,0.029217,0.029217,82.09,-0.121186,-0.121186,48.72,-0.052324,-0.052324
Feb 02,64.0,-0.00806,-0.046342,76.58,-0.016061,-0.049168,49.71,0.003432,-0.040162,70.31,0.040243,83.59,-0.119549,67.59,-0.049367,45.85,-0.017991,91.46,-0.062622,36.24,-0.026853,53.59,0.071157,33.9,-0.046145,62.29,-0.052912,-0.053742,77.14,-0.052683,-0.05426,71.5,0.04273,0.036153,83.35,-0.128047,-0.124656,45.1,-0.053317,-0.052802
Mar 02,62.38,-0.025312,-0.067564,74.18,-0.03134,-0.083745,48.45,-0.025347,-0.05408,67.86,-0.014522,82.25,-0.13503,67.84,-0.022056,47.27,0.034354,89.58,-0.062186,33.95,-0.106344,59.11,0.257927,31.33,-0.152556,59.11,-0.124944,-0.077876,73.16,-0.106606,-0.071984,63.26,-0.03904,0.011332,84.06,-0.155685,-0.135362,42.84,-0.159176,-0.088933
Abr 02,63.59,0.019397,-0.029901,77.84,0.049339,0.001931,47.57,-0.018163,-0.06999,70.39,0.052639,86.4,-0.03754,66.34,-0.055524,46.74,0.022757,87.17,-0.102081,33.91,-0.083514,60.78,0.370153,30.58,-0.154782,63.74,0.049045,-0.048221,76.06,0.058594,-0.042077,70.73,0.115087,0.036369,81.93,0.01011,-0.103444,49.47,0.032346,-0.05957
May 02,64.61,0.01604,-0.007374,78.13,0.003726,-0.012013,49.07,0.031532,-0.013668,71.5,0.047312,85.92,-0.057275,68.11,0.005462,46.97,0.054795,90.0,-0.013158,35.58,-0.015495,59.44,0.173081,32.09,-0.068505,62.29,-0.007331,-0.040273,74.63,-0.010606,-0.035977,62.94,0.05746,0.040263,87.5,-0.058634,-0.09444,47.99,-0.001457,-0.048215
Jun 02,64.02,-0.009132,-0.02349,78.12,-0.000128,-0.013013,47.62,-0.02955,-0.04779,70.79,0.025051,86.23,-0.045495,66.57,-0.031991,45.55,0.010874,89.62,-0.050937,33.98,-0.065199,59.32,0.26428,30.31,-0.135235,59.02,-0.029915,-0.03863,73.67,-0.006339,-0.031234,67.0,0.033313,0.039099,81.02,-0.03982,-0.086015,42.06,-0.074384,-0.052296
Jul 02,64.84,0.012808,-0.033249,79.29,0.014977,-0.023282,48.02,0.0084,-0.043236,71.96,0.005168,87.26,-0.04873,67.07,-0.038285,47.01,0.060934,89.84,-0.063386,33.9,-0.052278,65.59,0.514431,29.82,-0.142364,65.62,-0.015011,-0.035135,80.86,-0.018094,-0.029251,72.24,0.008094,0.034257,90.36,-0.039949,-0.079252,47.98,-0.008882,-0.046111
Ago 02,65.01,0.002622,-0.024606,80.47,0.014882,-0.018539,47.29,-0.015202,-0.035685,73.98,0.01943,87.3,-0.05294,66.05,-0.036751,45.54,0.062034,88.82,-0.079013,33.4,-0.038849,57.35,0.13161,30.01,-0.082824,68.48,-0.042506,-0.036146,86.1,-0.038096,-0.030497,81.9,0.003923,0.029678,90.73,-0.076351,-0.078867,48.08,-0.051302,-0.046785
Sep 02,66.31,0.019997,-0.007484,81.88,0.017522,0.008996,48.07,0.016494,-0.04243,74.39,0.030761,89.63,-0.004332,67.34,-0.0273,43.86,-0.027279,92.54,-0.030386,33.63,-0.061925,56.5,0.148141,30.46,-0.097214,67.03,-0.010189,-0.033164,84.63,-0.002593,-0.027209,88.97,0.004516,0.026135,79.86,-0.011022,-0.072186,46.65,-0.025689,-0.044481
Oct 02,65.94,-0.00558,0.016651,82.01,0.001588,0.035741,47.83,-0.004993,-0.012185,74.64,0.052602,89.99,0.022846,65.43,-0.032673,44.41,0.002483,88.57,-0.045788,34.82,0.013683,66.36,0.566203,30.94,-0.060716,66.76,0.019704,-0.027879,82.5,0.036042,-0.02091,72.81,0.047626,0.028274,93.16,0.026104,-0.06239,48.53,-0.010803,-0.041091
Nov 02,66.78,0.012739,0.013507,83.02,0.012316,0.031304,48.47,0.013381,-0.011018,75.72,0.043406,90.94,0.021798,66.99,-0.024891,43.78,-0.062326,92.63,-0.002154,34.28,-0.001166,56.85,0.088663,31.33,-0.016944,70.44,0.009169,-0.024311,80.22,0.022562,-0.017026,69.74,0.031657,0.028572,91.75,0.015046,-0.055399,59.11,-0.011373,-0.037844
Dic 02,65.97,-0.012129,-0.004977,82.46,-0.006745,0.021176,46.69,-0.036724,-0.060941,75.64,0.02521,89.99,0.017756,62.88,-0.061352,38.37,-0.120156,89.1,-0.031311,34.64,-0.059973,54.57,-0.132846,32.07,-0.038669,71.0,-0.001125,-0.02224,88.09,0.024421,-0.013329,78.72,0.024067,0.028161,98.41,0.024677,-0.048391,51.2,-0.048681,-0.038815
Ene 03,65.93,-0.000606,0.021854,82.34,-0.001455,0.057947,47.38,0.014778,-0.043601,75.66,0.068644,89.11,0.045033,63.24,-0.06505,43.72,-0.025847,82.62,-0.094079,35.39,-0.017217,51.42,-0.127439,33.54,0.011765,63.68,0.021004,0.021004,78.76,0.062171,0.062171,72.17,0.078291,0.078291,86.01,0.047752,0.047752,46.22,-0.051314,-0.051314
Feb 03,67.44,0.022903,0.05375,84.06,0.020889,0.097676,48.14,0.016041,-0.031583,77.87,0.107524,90.87,0.087092,63.59,-0.05918,42.36,-0.076118,87.09,-0.04778,36.51,0.00745,57.53,0.073521,33.89,-0.000295,65.25,0.04752,0.034253,84.48,0.095152,0.078987,79.45,0.111189,0.095283,90.02,0.080024,0.064011,42.98,-0.047007,-0.049243
Mar 03,66.11,-0.019721,0.059795,80.78,-0.03902,0.088973,49.13,0.020565,0.014035,73.01,0.075892,89.91,0.093131,63.49,-0.064121,40.58,-0.141527,88.58,-0.011163,38.45,0.132548,48.11,-0.186094,37.1,0.184169,66.15,0.1191,0.061544,83.1,0.135867,0.097527,72.03,0.138634,0.10888,95.28,0.133476,0.087415,46.53,0.086134,-0.006805
Abr 03,66.83,0.010891,0.050951,81.77,0.012256,0.050488,49.76,0.012823,0.046037,74.62,0.060094,89.62,0.037269,64.76,-0.023817,40.2,-0.139923,91.93,0.054606,38.51,0.135653,51.24,-0.15696,37.05,0.211576,64.53,0.012394,0.048887,78.93,0.037733,0.082393,74.24,0.049625,0.093495,84.11,0.026608,0.072383,47.84,-0.032949,-0.013754
May 03,65.88,-0.014215,0.019656,79.92,-0.022624,0.022911,49.75,-0.000201,0.013858,73.25,0.024476,87.6,0.019553,64.16,-0.057994,40.81,-0.131148,88.32,-0.018667,39.47,0.109331,48.87,-0.177826,37.68,0.174198,63.39,0.017659,0.042608,76.63,0.026799,0.071333,65.34,0.038132,0.083105,89.07,0.017943,0.061013,48.04,0.001042,-0.010721
Jun 03,66.54,0.010018,0.039363,81.05,0.014139,0.037506,49.43,-0.006432,0.038009,74.04,0.04591,88.56,0.027021,65.16,-0.021181,41.57,-0.087377,90.13,0.005691,38.12,0.121836,51.62,-0.129804,36.26,0.196305,62.04,0.051169,0.043978,76.74,0.041672,0.066465,70.43,0.051194,0.077791,83.68,0.032831,0.056446,45.03,0.070613,0.001666
Jul 03,66.39,-0.002254,0.023905,81.44,0.004812,0.027116,49.14,-0.005867,0.023324,75.1,0.043635,88.39,0.01295,62.9,-0.062174,39.27,-0.164646,88.42,-0.015806,38.69,0.141298,63.43,-0.032932,35.13,0.178068,67.28,0.025297,0.041156,83.16,0.028444,0.06066,75.29,0.04222,0.072377,91.82,0.016158,0.050279,48.9,0.019175,0.004257
Ago 03,66.41,0.000301,0.021535,80.55,-0.010928,0.000994,50.08,0.019129,0.058998,75.29,0.017707,86.25,-0.012027,62.81,-0.049054,39.64,-0.129556,87.56,-0.014186,40.65,0.217066,63.7,0.110724,37.57,0.251916,67.99,-0.007155,0.034578,83.92,-0.025319,0.048638,80.88,-0.012454,0.059892,87.27,-0.038135,0.0385,49.54,0.030366,0.007629
Sep 03,64.88,-0.023039,-0.021565,79.22,-0.016511,-0.032487,48.58,-0.029952,0.01061,73.63,-0.010216,85.38,-0.047417,62.3,-0.074844,39.61,-0.096899,86.66,-0.06354,38.62,0.148379,61.78,0.093451,35.62,0.169402,65.85,-0.017604,0.028441,80.78,-0.045492,0.037264,85.7,-0.036754,0.046571,75.36,-0.056349,0.028545,48.57,0.041158,0.011363
Oct 03,65.9,0.015721,-0.000607,80.62,0.017672,-0.016949,49.19,0.012557,0.028434,75.89,0.016747,86.24,-0.041671,62.53,-0.044322,38.33,-0.136906,89.08,0.005758,39.21,0.126077,57.96,-0.126582,36.97,0.194893,66.79,0.000449,0.025506,81.25,-0.015152,0.031741,73.82,0.013872,0.043256,89.43,-0.040039,0.021064,50.04,0.031115,0.013414
Nov 03,64.88,-0.015478,-0.028452,78.31,-0.028653,-0.056733,49.36,0.003456,0.018362,73.07,-0.034997,84.45,-0.071366,62.22,-0.071205,38.54,-0.119689,88.12,-0.048688,39.91,0.164236,52.13,-0.083026,38.27,0.221513,67.43,-0.042731,0.018709,75.5,-0.058838,0.023322,67.14,-0.037281,0.036129,84.71,-0.07673,0.011577,58.09,-0.017256,0.009971
Dic 03,66.13,0.019266,0.002425,79.66,0.017239,-0.033956,50.3,0.019044,0.077318,75.31,-0.004363,84.57,-0.060229,63.52,0.010178,40.11,0.045348,88.86,-0.002694,40.34,0.16455,54.22,-0.006414,39.03,0.217025,72.54,0.02169,0.018981,85.64,-0.027812,0.018587,78.57,-0.001905,0.032674,93.41,-0.050808,0.005698,57.37,0.120508,0.019767
Ene 04,69.76,0.054892,0.058092,87.55,0.099046,0.063274,49.73,-0.011332,0.049599,85.1,0.124769,89.44,0.003703,63.79,0.008697,39.95,-0.086231,87.94,0.064391,39.19,0.107375,50.83,-0.011474,37.61,0.121348,67.39,0.05826,0.05826,84.28,0.070086,0.070086,81.91,0.134959,0.134959,86.9,0.010348,0.010348,47.82,0.034617,0.034617
Feb 04,68.55,-0.017345,0.016459,84.43,-0.035637,0.004402,50.12,0.007842,0.04113,78.93,0.013612,90.28,-0.006493,64.17,0.009121,39.45,-0.068697,90.9,0.043748,39.98,0.095042,51.12,-0.11142,38.58,0.138389,65.73,0.007356,0.032498,84.24,-0.002841,0.032345,79.97,0.006545,0.067669,88.93,-0.012108,-0.001136,44.29,0.030479,0.032623
Mar 04,70.07,0.022174,0.0599,87.04,0.030913,0.077494,50.9,0.015563,0.036027,82.5,0.129982,91.96,0.022801,66.45,0.046622,41.47,0.021932,93.75,0.058365,39.44,0.025748,55.72,0.158179,37.35,0.006739,71.92,0.087226,0.051056,90.36,0.087365,0.050905,83.19,0.154935,0.095775,98.26,0.031276,0.010247,50.55,0.086396,0.051057
Abr 04,70.47,0.005709,0.054467,87.04,0.0,0.064449,51.19,0.005697,0.028738,81.92,0.097829,92.1,0.027672,64.59,-0.002625,41.8,0.039801,89.08,-0.031002,41.47,0.076863,53.5,0.044106,39.92,0.077463,68.62,0.063381,0.05412,85.47,0.082858,0.058659,83.83,0.129176,0.104099,87.28,0.037689,0.016741,49.1,0.026338,0.044615
May 04,70.33,-0.001987,0.067547,85.88,-0.013327,0.074575,51.92,0.014261,0.043618,81.4,0.111263,91.14,0.040411,64.12,-0.000623,41.27,0.011272,88.78,0.005208,42.86,0.085888,57.35,0.173522,40.74,0.08121,66.83,0.054267,0.054149,82.71,0.079342,0.062603,73.38,0.123049,0.107508,92.99,0.04401,0.022205,48.43,0.008118,0.037045
Jun 04,70.78,0.006398,0.063721,87.17,0.015021,0.075509,52.42,0.00963,0.06049,82.79,0.118179,91.75,0.036021,64.51,-0.009975,40.7,-0.020929,89.93,-0.002219,43.21,0.133526,59.74,0.157303,41.22,0.13679,67.56,0.088975,0.05976,82.67,0.077274,0.064955,78.79,0.118699,0.109325,86.95,0.039077,0.024878,50.06,0.111703,0.049198
Jul 04,70.22,-0.007912,0.057689,85.39,-0.02042,0.048502,52.97,0.010492,0.077941,79.99,0.065113,91.44,0.034506,64.88,0.031479,41.3,0.051693,90.49,0.023411,43.92,0.135177,50.63,-0.201797,42.68,0.214916,70.52,0.048157,0.058034,86.63,0.041727,0.061517,79.46,0.055386,0.101346,94.51,0.029296,0.025533,51.88,0.060941,0.050961
Ago 04,69.28,-0.013386,0.043216,83.55,-0.021548,0.037244,52.67,-0.005664,0.051717,77.12,0.024306,91.01,0.055188,68.1,0.084222,44.3,0.117558,93.18,0.064185,41.45,0.01968,49.65,-0.220565,40.28,0.072132,70.25,0.03324,0.054794,84.93,0.012035,0.055086,80.22,-0.00816,0.08633,90.11,0.032543,0.026398,53.26,0.075091,0.054148
Sep 04,70.01,0.010537,0.079069,84.93,0.016517,0.072078,53.05,0.007215,0.092013,79.15,0.074969,92.04,0.078004,67.07,0.076565,43.93,0.109063,92.18,0.063697,42.9,0.110823,51.66,-0.163807,41.61,0.168164,70.65,0.072893,0.056827,85.77,0.061773,0.055829,90.46,0.055543,0.082424,80.6,0.069533,0.030551,53.13,0.093885,0.058704
Oct 04,71.12,0.015855,0.079211,85.63,0.008242,0.062143,54.21,0.021866,0.102053,79.64,0.049414,92.82,0.076299,67.98,0.087158,45.05,0.17532,92.51,0.038505,44.01,0.122418,54.37,-0.061939,42.45,0.148228,70.83,0.060488,0.057202,86.6,0.065846,0.056837,77.6,0.051206,0.079349,96.5,0.079056,0.035525,52.57,0.05056,0.057844
Nov 04,71.66,0.007593,0.104501,86.25,0.00724,0.101392,54.57,0.006641,0.105551,80.65,0.103736,92.92,0.100296,67.62,0.086789,44.04,0.142709,92.82,0.053336,45.46,0.139063,63.49,0.217917,43.14,0.127254,76.3,0.131544,0.064161,83.91,0.111391,0.0615,75.34,0.122133,0.082867,93.34,0.101877,0.0414,67.49,0.161818,0.069202
Dic 04,71.53,-0.001814,0.081657,85.85,-0.004638,0.077705,55.04,0.008613,0.094235,79.21,0.051786,93.18,0.101809,70.69,0.112878,46.9,0.169284,96.03,0.080689,43.06,0.067427,73.51,0.355773,39.55,0.013323,78.99,0.088916,0.066425,93.29,0.089327,0.06396,83.32,0.060456,0.0809,104.27,0.116262,0.048059,62.43,0.088199,0.071052
Ene 05,73.2,0.023347,0.049312,89.27,0.039837,0.019646,54.55,-0.008903,0.096923,83.97,-0.013278,94.38,0.055233,67.42,0.056905,39.58,-0.009262,96.47,0.096998,44.72,0.141107,76.8,0.510919,40.22,0.069396,69.76,0.035168,0.035168,86.15,0.022188,0.022188,80.81,-0.013429,-0.013429,92.03,0.059033,0.059033,50.78,0.061899,0.061899
Feb 05,71.83,-0.018716,0.047848,86.87,-0.026885,0.0289,54.49,-0.0011,0.087191,82.13,0.040542,91.69,0.015618,69.19,0.07823,46.2,0.171103,94.14,0.035644,43.53,0.088794,68.17,0.333529,40.06,0.038362,67.94,0.033622,0.034405,85.77,0.018162,0.020176,81.98,0.025134,0.005621,89.95,0.01147,0.034977,47.28,0.06751,0.064597
Mar 05,73.33,0.020883,0.046525,89.29,0.027858,0.02585,54.84,0.006423,0.077407,84.54,0.024727,93.25,0.014028,68.88,0.036569,45.98,0.108753,93.76,0.000107,44.6,0.130832,76.81,0.3785,40.33,0.079786,71.45,-0.006535,0.020045,89.88,-0.005312,0.011279,83.32,0.001563,0.004244,97.1,-0.011805,0.018206,50.1,-0.008902,0.038553
Abr 05,71.88,-0.019774,0.020009,87.05,-0.025087,0.000115,54.92,0.001459,0.072866,82.2,0.003418,92.06,-0.000434,71.28,0.103576,47.34,0.132536,96.93,0.088123,43.06,0.038341,68.29,0.276449,39.74,-0.004509,73.55,0.071845,0.033034,88.83,0.039312,0.018237,88.24,0.052606,0.01657,89.48,0.025206,0.019897,55.86,0.137678,0.063934
May 05,72.68,0.01113,0.033414,88.12,0.012292,0.026083,54.7,-0.004006,0.053544,83.1,0.020885,93.49,0.025785,71.98,0.122583,47.33,0.146838,99.08,0.116017,41.76,-0.025665,72.07,0.25667,38.4,-0.057437,69.74,0.043543,0.035096,85.35,0.031919,0.020887,75.7,0.031616,0.019315,95.97,0.032046,0.022383,51.66,0.066694,0.064491
Jun 05,73.09,0.005641,0.032636,88.46,0.003858,0.014799,55.87,0.021389,0.065815,84.9,0.025486,92.69,0.010245,70.65,0.095179,46.79,0.149631,96.5,0.073057,45.27,0.047674,66.73,0.117007,42.36,0.027656,70.13,0.03804,0.035584,83.98,0.015846,0.020069,80.56,0.022465,0.019831,87.74,0.009086,0.020247,54.1,0.080703,0.067287
Jul 05,72.47,-0.008483,0.032042,87.09,-0.015487,0.019909,55.38,-0.00877,0.045497,82.49,0.031254,92.43,0.010827,67.27,0.036837,40.48,-0.019855,95.1,0.050945,46.05,0.048497,75.46,0.490421,42.46,-0.005155,71.63,0.01574,0.03266,87.99,0.015699,0.019435,81.27,0.022779,0.020249,95.39,0.009311,0.018622,52.67,0.015227,0.059393
Ago 05,73.62,0.015869,0.062644,87.05,-0.000459,0.041891,57.96,0.046587,0.100437,81.52,0.057054,93.59,0.028349,70.89,0.040969,46.09,0.040406,97.33,0.044537,48.68,0.174427,75.84,0.527492,45.19,0.121897,75.23,0.07089,0.037553,87.32,0.028141,0.02052,83.61,0.042259,0.023004,91.41,0.014427,0.018101,61.23,0.149643,0.07155
Sep 05,74.27,0.008829,0.060848,87.82,0.008845,0.034028,58.29,0.005694,0.098775,82.49,0.042198,94.39,0.025532,73.68,0.098554,50.55,0.150694,98.2,0.065307,47.19,0.1,73.57,0.424119,43.13,0.03653,74.68,0.057042,0.039776,88.3,0.029497,0.021524,93.59,0.034601,0.024439,82.47,0.023201,0.018611,58.91,0.10879,0.075961
Oct 05,74.57,0.004039,0.04851,87.8,-0.000228,0.025342,59.0,0.01218,0.08836,82.62,0.037418,93.87,0.011312,76.56,0.126214,53.32,0.183574,101.27,0.094692,46.67,0.060441,71.59,0.316719,42.73,0.006596,74.49,0.051673,0.040997,89.09,0.028753,0.022257,81.19,0.046263,0.026533,97.79,0.013368,0.01805,57.59,0.095492,0.07801
Nov 05,76.84,0.030441,0.072286,90.62,0.032118,0.050667,60.78,0.030169,0.113799,85.99,0.066212,96.02,0.033362,77.32,0.143449,54.74,0.242961,100.78,0.085757,48.28,0.062033,75.22,0.184754,44.85,0.039638,82.27,0.078244,0.044704,89.26,0.063759,0.025971,82.25,0.091718,0.032087,96.98,0.038997,0.020013,74.17,0.098978,0.080499
Dic 05,77.85,0.013144,0.088355,92.29,0.018429,0.075015,62.32,0.025337,0.132267,86.41,0.090898,99.17,0.064284,77.17,0.091668,54.26,0.15693,100.31,0.044569,50.31,0.16837,74.36,0.011563,48.43,0.224526,86.11,0.090138,0.048948,101.38,0.086719,0.031469,91.5,0.098176,0.037779,112.26,0.076628,0.025376,68.43,0.096108,0.082043
Ene 06,78.7,0.010918,0.075137,91.08,-0.013111,0.020276,64.52,0.035302,0.182768,86.65,0.031916,95.48,0.011655,79.59,0.18051,55.81,0.410056,103.77,0.075671,53.26,0.190966,75.93,-0.011328,50.17,0.247389,75.14,0.077122,0.077122,87.19,0.012072,0.012072,81.88,0.013241,0.013241,93.05,0.011083,0.011083,61.17,0.204608,0.204608
Feb 06,77.78,-0.01169,0.082834,91.24,0.001757,0.050305,62.48,-0.031618,0.146632,86.11,0.04846,96.55,0.053005,77.45,0.119381,53.46,0.157143,103.01,0.094221,51.37,0.180106,77.83,0.141705,47.35,0.181977,72.97,0.074036,0.075599,89.32,0.04139,0.026698,84.34,0.028788,0.02107,94.79,0.053808,0.032201,54.03,0.142766,0.174791
Mar 06,79.69,0.024556,0.086731,94.96,0.040772,0.063501,62.53,0.0008,0.140226,90.11,0.065886,99.22,0.064021,76.73,0.113966,51.48,0.119617,104.68,0.116468,52.22,0.170852,75.73,-0.014061,49.2,0.219936,81.28,0.137579,0.096773,98.23,0.092902,0.049427,92.78,0.113538,0.052375,104.22,0.073326,0.04651,61.65,0.230539,0.193642
Abr 06,80.45,0.009537,0.119226,94.71,-0.002633,0.087995,63.75,0.019511,0.160779,90.81,0.104745,98.6,0.071041,76.81,0.077581,50.49,0.06654,105.39,0.087279,54.26,0.260102,83.99,0.229902,50.0,0.258178,77.03,0.047315,0.083905,93.62,0.053923,0.050566,94.05,0.065843,0.055929,93.14,0.040903,0.045149,57.81,0.034909,0.150181
May 06,80.73,0.00348,0.110759,95.27,0.005913,0.081139,63.83,0.001255,0.16691,91.86,0.105415,98.83,0.057118,78.92,0.096416,50.92,0.07585,110.47,0.114958,52.83,0.265086,71.7,-0.005134,50.72,0.320833,78.78,0.129624,0.092952,92.79,0.08717,0.057732,84.5,0.116248,0.067065,101.91,0.061894,0.048608,62.56,0.210995,0.162469
Jun 06,80.55,-0.00223,0.102066,95.18,-0.000945,0.075967,64.02,0.002977,0.145874,91.19,0.074087,100.09,0.079836,78.8,0.115357,50.62,0.081855,108.88,0.12829,53.47,0.181135,77.58,0.162596,50.35,0.188621,77.62,0.106802,0.09525,90.41,0.076566,0.060774,86.11,0.068893,0.067365,95.16,0.084568,0.054321,62.79,0.160628,0.162147
Jul 06,81.16,0.007573,0.119912,96.32,0.011977,0.105982,62.81,-0.0189,0.134164,93.79,0.136986,99.44,0.075841,77.03,0.145087,48.55,0.199358,107.62,0.131651,51.87,0.126384,70.77,-0.062152,49.34,0.162035,80.35,0.121737,0.099089,97.6,0.109217,0.067785,92.26,0.135228,0.077009,103.49,0.084915,0.058827,60.37,0.146193,0.159829
Ago 06,82.58,0.017496,0.121706,99.53,0.033326,0.143366,63.2,0.006209,0.090407,96.83,0.187807,102.59,0.096164,77.14,0.088165,47.12,0.022348,109.08,0.120723,53.07,0.090181,85.62,0.128956,48.71,0.077893,84.0,0.116576,0.1014,98.87,0.132272,0.075884,98.95,0.183471,0.090589,98.77,0.080516,0.06151,66.79,0.090805,0.149854
Sep 06,83.43,0.010293,0.123334,98.73,-0.008038,0.124231,65.07,0.029589,0.116315,96.95,0.175294,99.93,0.058693,77.8,0.055917,47.71,-0.056182,109.21,0.112118,55.76,0.181606,82.18,0.117031,51.12,0.185254,83.36,0.116229,0.103119,98.92,0.120272,0.080886,109.41,0.169035,0.10039,87.37,0.059416,0.0613,65.33,0.10898,0.144864
Oct 06,82.26,-0.014024,0.103125,98.27,-0.004659,0.119248,63.46,-0.024743,0.075593,95.18,0.152021,101.92,0.085757,76.0,-0.007315,46.5,-0.127907,105.81,0.044831,54.59,0.169702,77.6,0.08395,51.43,0.203604,83.45,0.120285,0.104898,100.49,0.12796,0.085692,95.09,0.171203,0.107314,106.44,0.088455,0.064188,63.71,0.106268,0.140749
Nov 06,82.45,0.00231,0.073009,97.93,-0.00346,0.080667,64.57,0.017491,0.062356,95.12,0.106175,101.45,0.056551,78.12,0.010347,49.39,-0.097735,108.6,0.077595,54.64,0.131732,95.71,0.272401,48.93,0.09097,88.37,0.074146,0.101739,97.43,0.09153,0.086234,92.38,0.123161,0.108743,102.99,0.061972,0.063977,77.87,0.049885,0.129779
Dic 06,83.27,0.009945,0.069621,97.64,-0.002961,0.057969,68.98,0.068298,0.106868,95.35,0.10346,101.18,0.020268,77.21,0.000518,49.78,-0.082565,106.44,0.061111,60.39,0.200358,136.95,0.841716,52.26,0.079083,91.14,0.058414,0.097533,108.34,0.068653,0.084558,101.85,0.113115,0.109141,115.48,0.028683,0.060466,71.22,0.040772,0.120859
Ene 07,81.24,-0.024379,0.032274,96.5,-0.011676,0.059508,63.81,-0.074949,-0.011004,92.09,0.062781,100.64,0.054043,74.51,-0.063827,47.44,-0.149973,104.74,0.009348,56.09,0.053136,86.62,0.140788,51.9,0.034483,78.15,0.040059,0.040059,91.65,0.051153,0.051153,85.57,0.045066,0.045066,98.34,0.056851,0.056851,62.52,0.02207,0.02207
Feb 07,83.24,0.024618,0.070198,98.14,0.016995,0.075625,66.13,0.036358,0.058419,94.01,0.091743,102.18,0.058312,77.2,-0.003228,49.96,-0.06547,106.66,0.035433,58.27,0.13432,76.16,-0.021457,55.03,0.162196,77.99,0.068795,0.054216,95.63,0.070645,0.061016,91.06,0.079677,0.062628,100.66,0.061926,0.059412,57.56,0.065334,0.042361
Mar 07,83.66,0.005046,0.049818,98.55,0.004178,0.037805,66.88,0.011341,0.069567,94.53,0.049051,102.51,0.033159,78.78,0.026717,52.62,0.022145,107.93,0.031047,58.69,0.123899,90.44,0.194243,54.06,0.09878,84.11,0.034818,0.047343,100.51,0.023211,0.047499,96.77,0.043005,0.055598,104.63,0.003934,0.039615,65.11,0.056123,0.047159
Abr 07,84.94,0.0153,0.055811,98.48,-0.00071,0.039806,68.72,0.027512,0.077961,93.93,0.034357,103.12,0.045842,77.64,0.010806,53.69,0.063379,103.44,-0.018503,62.4,0.150018,107.89,0.284558,56.15,0.123,81.42,0.056991,0.049768,97.03,0.036424,0.044685,96.9,0.030303,0.04886,97.18,0.043376,0.040524,63.33,0.095485,0.059064
May 07,85.13,0.002237,0.054503,97.94,-0.005483,0.028026,70.77,0.029831,0.108726,92.49,0.006858,103.59,0.048164,79.65,0.00925,55.2,0.084053,107.85,-0.023717,64.33,0.217679,125.73,0.753556,56.25,0.10903,83.32,0.057629,0.051376,95.76,0.032008,0.042134,85.65,0.013609,0.042052,106.89,0.048867,0.04227,68.91,0.101503,0.067997
Jun 07,83.58,-0.018207,0.037616,95.61,-0.02379,0.004518,69.96,-0.011446,0.092784,91.29,0.001097,100.87,0.007793,79.16,0.004569,55.35,0.093441,105.74,-0.028839,63.15,0.181036,124.69,0.607244,55.04,0.093148,80.54,0.037619,0.049069,91.08,0.007411,0.036442,85.9,-0.002439,0.034736,96.79,0.017129,0.038161,68.34,0.08839,0.071554
Jul 07,86.77,0.038167,0.069123,98.76,0.032946,0.025332,70.93,0.013865,0.129279,93.64,-0.001599,104.45,0.050382,81.24,0.054654,53.18,0.095366,111.32,0.03438,63.19,0.218238,112.34,0.587396,57.2,0.159303,86.78,0.080025,0.053648,101.3,0.03791,0.036663,93.11,0.009213,0.030913,110.32,0.065997,0.042362,69.97,0.159019,0.084114
Ago 07,87.77,0.011525,0.062848,101.49,0.027643,0.019693,71.51,0.008177,0.131487,97.28,0.004647,106.07,0.033921,82.14,0.064817,57.98,0.230475,108.81,-0.002475,63.7,0.200301,104.12,0.216071,58.64,0.20386,88.84,0.057619,0.05418,99.77,0.009103,0.03302,99.11,0.001617,0.026858,100.51,0.017617,0.039246,76.18,0.14059,0.091857
Sep 07,92.7,0.05617,0.111111,103.92,0.023943,0.052568,78.74,0.101105,0.210081,98.57,0.01671,109.75,0.098269,82.43,0.059512,58.32,0.222385,108.91,-0.002747,75.98,0.362626,159.28,0.938184,62.06,0.214006,90.92,0.090691,0.058463,103.69,0.048221,0.034795,110.28,0.007952,0.024349,96.43,0.103697,0.045705,76.14,0.165468,0.100561
Oct 07,90.42,-0.024595,0.099198,105.15,0.011836,0.070011,73.26,-0.069596,0.154428,100.37,0.054528,110.8,0.087127,79.27,0.043026,51.07,0.09828,106.46,0.006143,68.92,0.262502,128.73,0.658892,62.19,0.209216,94.23,0.129179,0.065896,108.32,0.077918,0.039369,101.21,0.06436,0.028487,116.14,0.091131,0.050647,77.91,0.222885,0.113208
Nov 07,90.96,0.005972,0.103214,106.25,0.010461,0.084959,72.98,-0.003822,0.130246,102.05,0.072855,111.75,0.101528,80.61,0.031874,51.71,0.046973,109.61,0.0093,67.69,0.238836,110.74,0.157037,62.67,0.280809,97.14,0.099242,0.069236,106.17,0.089705,0.044063,99.14,0.073176,0.032567,113.92,0.106127,0.055931,86.68,0.113137,0.1132
Dic 07,90.55,-0.004507,0.087426,108.48,0.020988,0.11102,73.34,0.004933,0.063207,104.16,0.092396,114.64,0.13303,80.57,0.043518,50.29,0.010245,114.12,0.072153,65.58,0.085941,108.29,-0.209273,61.56,0.177956,99.25,0.088984,0.071084,121.05,0.117316,0.050945,111.89,0.098576,0.038605,131.14,0.135608,0.063619,73.99,0.038894,0.106285
Ene 08,92.0,0.016013,0.132447,106.51,-0.01816,0.103731,75.73,0.032588,0.186805,97.04,0.053752,115.37,0.146363,85.29,0.144679,65.18,0.373946,108.51,0.035994,69.76,0.243715,131.55,0.518702,60.89,0.173218,88.55,0.133077,0.133077,101.4,0.106383,0.106383,90.67,0.0596,0.0596,113.22,0.151312,0.151312,73.66,0.178183,0.178183
Feb 08,94.23,0.024239,0.132028,110.24,0.03502,0.123293,76.11,0.005018,0.150915,102.2,0.087118,118.12,0.155999,82.87,0.073446,56.33,0.127502,111.13,0.041909,72.02,0.23597,137.76,0.808824,63.27,0.149737,89.61,0.148993,0.141027,106.8,0.116804,0.111704,98.31,0.079618,0.06992,116.15,0.153884,0.152613,69.71,0.211084,0.193954
Mar 08,92.46,-0.018784,0.105188,106.66,-0.032475,0.082293,74.94,-0.015372,0.120514,100.35,0.061568,113.7,0.10916,80.28,0.01904,54.08,0.027746,109.91,0.018345,71.9,0.225081,116.68,0.290137,64.91,0.200703,86.05,0.023065,0.099729,103.35,0.028256,0.08256,97.38,0.006304,0.047403,109.93,0.050655,0.117479,66.01,0.013823,0.130623
Abr 08,93.03,0.006165,0.095244,107.02,0.003375,0.086718,77.74,0.037363,0.131257,99.32,0.057383,115.0,0.115206,83.21,0.071741,57.92,0.078786,110.46,0.067865,73.22,0.173397,127.05,0.177588,66.29,0.180588,95.34,0.170965,0.11776,108.99,0.123261,0.092823,107.19,0.106192,0.062787,110.96,0.141799,0.123375,79.54,0.255961,0.162562
May 08,95.1,0.022251,0.117115,110.28,0.030462,0.125996,78.01,0.003473,0.102303,102.72,0.110607,118.36,0.142581,81.16,0.018958,58.3,0.056159,107.61,-0.002225,75.74,0.177367,115.55,-0.080967,70.36,0.250844,92.41,0.109097,0.115978,107.98,0.127611,0.099754,95.4,0.113835,0.072376,121.84,0.139863,0.126847,74.38,0.079379,0.144504
Jun 08,96.12,0.010726,0.150036,111.28,0.009068,0.163895,78.18,0.002179,0.117496,102.05,0.117866,120.86,0.198176,82.08,0.036887,61.24,0.106414,105.74,0.0,74.93,0.18654,110.62,-0.11284,70.32,0.277616,92.23,0.145145,0.120816,106.54,0.169741,0.110905,96.12,0.118976,0.079764,118.01,0.219238,0.14164,75.66,0.107112,0.13788
Jul 08,97.72,0.016646,0.126196,110.75,-0.004763,0.121405,79.91,0.022128,0.126604,100.13,0.069308,122.19,0.169842,82.68,0.017725,57.2,0.075592,111.24,-0.000719,78.64,0.244501,118.64,0.05608,73.12,0.278322,99.91,0.151302,0.125439,115.19,0.137117,0.114851,101.31,0.088068,0.080981,130.47,0.18265,0.147969,82.22,0.175075,0.143591
Ago 08,92.91,-0.049222,0.058562,106.17,-0.041354,0.046113,77.13,-0.034789,0.07859,98.12,0.008635,115.22,0.086264,82.74,0.007305,61.41,0.059158,106.51,-0.021138,72.8,0.142857,106.45,0.022378,68.56,0.169168,91.6,0.031067,0.112758,103.1,0.033377,0.104331,98.69,-0.004238,0.069476,107.95,0.074022,0.138853,78.28,0.027566,0.126974
Sep 08,91.06,-0.019912,-0.017691,104.82,-0.012715,0.008661,74.17,-0.038377,-0.058039,95.37,-0.032464,116.09,0.057768,78.15,-0.051923,55.03,-0.056413,103.68,-0.048021,70.77,-0.068571,90.6,-0.43119,66.96,0.078956,90.57,-0.00385,0.098661,103.86,0.00164,0.092182,105.24,-0.045702,0.054432,102.34,0.061288,0.13065,75.19,-0.012477,0.109512
Oct 08,91.2,0.001537,0.008626,106.26,0.013738,0.010556,73.49,-0.009168,0.00314,100.62,0.002491,113.6,0.025271,78.86,-0.005172,49.32,-0.034267,107.48,0.009581,70.28,0.019733,117.18,-0.089723,65.68,0.056118,96.04,0.019208,0.089814,110.2,0.017356,0.083951,101.48,0.002668,0.048892,119.8,0.031514,0.119449,79.63,0.022077,0.099582
Nov 08,89.77,-0.01568,-0.013083,104.25,-0.018916,-0.018824,72.69,-0.010886,-0.003974,96.28,-0.056541,114.54,0.024966,79.87,-0.00918,50.51,-0.023206,109.07,-0.004927,66.81,-0.013,100.74,-0.090302,62.85,0.002872,93.69,-0.035516,0.07691,104.68,-0.014034,0.074415,92.9,-0.062941,0.038279,117.66,0.03283,0.110807,80.96,-0.06599,0.081007
Dic 08,85.69,-0.045449,-0.053672,104.3,0.00048,-0.038532,69.86,-0.038932,-0.04745,93.63,-0.101094,117.07,0.021197,75.65,-0.061065,50.65,0.007158,102.46,-0.102173,62.48,-0.047271,91.35,-0.156432,60.06,-0.024366,96.53,-0.027406,0.066981,116.74,-0.035605,0.063426,101.19,-0.09563,0.025324,133.87,0.020817,0.101536,73.12,-0.011758,0.0729
Ene 09,81.64,-0.047263,-0.112609,102.09,-0.021189,-0.041498,57.91,-0.171056,-0.23531,84.38,-0.130462,119.37,0.034671,54.94,-0.355845,31.92,-0.510279,81.72,-0.24689,62.6,-0.102638,49.59,-0.623033,61.12,0.003777,78.39,-0.114737,-0.114737,98.26,-0.030966,-0.030966,80.95,-0.107202,-0.107202,117.32,0.036213,0.036213,55.38,-0.248167,-0.248167
Feb 09,81.0,-0.007839,-0.140401,100.3,-0.017534,-0.090167,57.96,0.000863,-0.238471,83.66,-0.181409,117.21,-0.007704,57.19,-0.309883,35.49,-0.369963,80.78,-0.273104,59.46,-0.174396,65.18,-0.526858,58.5,-0.075391,75.26,-0.160138,-0.137573,96.19,-0.099345,-0.066042,80.21,-0.184111,-0.147211,113.78,-0.020405,0.007542,51.03,-0.267967,-0.257795
Mar 09,80.76,-0.002963,-0.126541,100.02,-0.002792,-0.062254,58.0,0.00069,-0.226048,86.52,-0.137818,115.14,0.012665,54.62,-0.319631,35.04,-0.352071,76.23,-0.306433,60.46,-0.15911,68.63,-0.41181,58.8,-0.09413,78.89,-0.083207,-0.119867,98.34,-0.048476,-0.060215,85.57,-0.121277,-0.138392,112.4,0.022469,0.012378,56.37,-0.146038,-0.222562
Abr 09,80.16,-0.007429,-0.138342,100.19,0.0017,-0.06382,56.5,-0.025862,-0.273218,84.14,-0.152839,117.82,0.024522,57.22,-0.312342,32.83,-0.433184,84.89,-0.231487,56.34,-0.230538,49.6,-0.609603,57.13,-0.138181,77.83,-0.183658,-0.136782,99.02,-0.091476,-0.068317,88.34,-0.175856,-0.148596,110.78,-0.001622,0.008928,53.27,-0.330274,-0.252215
May 09,80.32,0.001996,-0.155415,101.86,0.016668,-0.076351,54.99,-0.026726,-0.29509,90.31,-0.120814,114.32,-0.034133,56.78,-0.300394,34.01,-0.416638,79.85,-0.257969,52.95,-0.300898,52.1,-0.549113,54.05,-0.231808,76.9,-0.167839,-0.143132,99.75,-0.076218,-0.069931,83.95,-0.120021,-0.143021,117.15,-0.038493,-0.001171,50.44,-0.321861,-0.266474
Jun 09,81.38,0.013197,-0.15335,101.31,-0.0054,-0.089594,58.44,0.062739,-0.252494,87.19,-0.145615,115.92,-0.040874,58.9,-0.282407,34.36,-0.438929,84.59,-0.200019,57.4,-0.233952,60.87,-0.449738,57.15,-0.187287,79.59,-0.137049,-0.142101,97.5,-0.084851,-0.072434,82.33,-0.143467,-0.143094,114.22,-0.032116,-0.006463,58.85,-0.222178,-0.258839
Jul 09,83.01,0.020029,-0.150532,101.62,0.00306,-0.082438,58.45,0.000171,-0.268552,90.18,-0.099371,114.19,-0.065472,61.14,-0.260522,40.92,-0.284615,82.98,-0.254045,57.58,-0.267803,64.88,-0.453136,55.88,-0.235777,85.14,-0.147833,-0.14299,106.37,-0.076569,-0.073069,92.46,-0.087356,-0.134867,121.68,-0.067372,-0.016147,60.55,-0.263561,-0.259584
Ago 09,81.09,-0.02313,-0.12722,100.26,-0.013383,-0.055665,58.64,0.003251,-0.239725,89.34,-0.089482,112.79,-0.02109,58.65,-0.291153,37.4,-0.390979,82.08,-0.229368,58.7,-0.193681,67.06,-0.370033,57.59,-0.160006,79.72,-0.129694,-0.141335,96.94,-0.059748,-0.07146,88.83,-0.099909,-0.130472,105.86,-0.019361,-0.016521,59.78,-0.236331,-0.256548
Sep 09,82.02,0.011469,-0.099275,100.8,0.005386,-0.038351,59.89,0.021317,-0.192531,91.32,-0.042466,111.83,-0.036696,60.76,-0.222521,39.21,-0.28748,84.05,-0.189333,58.56,-0.172531,70.23,-0.224834,57.06,-0.147849,81.26,-0.102793,-0.13711,99.29,-0.044002,-0.06848,99.33,-0.056157,-0.121688,99.24,-0.030291,-0.017888,60.37,-0.197101,-0.249922
Oct 09,81.53,-0.005974,-0.106031,97.85,-0.029266,-0.079145,62.2,0.038571,-0.153626,85.81,-0.147187,111.96,-0.014437,70.23,-0.109434,49.77,0.009124,90.0,-0.162635,57.97,-0.175157,69.88,-0.403653,57.03,-0.131699,85.65,-0.108184,-0.134098,101.69,-0.077223,-0.069383,85.33,-0.159145,-0.125521,119.71,-0.000751,-0.016104,67.07,-0.157729,-0.240189
Nov 09,81.32,-0.002576,-0.094129,97.68,-0.001737,-0.063022,61.82,-0.006109,-0.149539,86.31,-0.103552,111.16,-0.029509,62.58,-0.216477,50.14,-0.007325,71.71,-0.342532,60.97,-0.087412,72.63,-0.279035,60.39,-0.039141,85.27,-0.089871,-0.13002,99.24,-0.051968,-0.067828,83.98,-0.096017,-0.122994,116.04,-0.013768,-0.015887,69.09,-0.146616,-0.231119
Dic 09,83.2,0.023119,-0.029058,98.17,0.005016,-0.058773,64.13,0.037367,-0.082021,90.65,-0.031827,107.76,-0.079525,67.7,-0.105089,52.36,0.033761,84.38,-0.176459,61.75,-0.011684,84.29,-0.077285,59.47,-0.009824,94.71,-0.018854,-0.120374,109.89,-0.058677,-0.066999,97.44,-0.037059,-0.115661,123.59,-0.076791,-0.021702,77.14,0.054978,-0.208089
Ene 10,84.35,0.013822,0.033195,103.93,0.058674,0.018023,61.74,-0.037268,0.066137,95.35,0.130007,111.76,-0.063751,67.44,0.227521,47.86,0.499373,90.21,0.103891,59.27,-0.053195,67.14,0.353902,54.98,-0.100458,79.97,0.020156,0.020156,100.32,0.020965,0.020965,93.41,0.153922,0.153922,107.93,-0.080038,-0.080038,56.39,0.018238,0.018238
Feb 10,83.84,-0.006046,0.035062,100.03,-0.037525,-0.002692,65.16,0.055394,0.124224,89.11,0.065145,110.92,-0.053664,67.39,0.178353,45.6,0.284869,90.97,0.126145,63.6,0.069627,70.89,0.087604,62.57,0.069573,77.26,0.026575,0.0233,95.22,-0.010084,0.005606,85.71,0.06857,0.111442,105.7,-0.071014,-0.075595,56.46,0.106408,0.060521
Mar 10,86.1,0.026956,0.066122,101.46,0.014296,0.014397,68.97,0.058471,0.189138,88.89,0.027393,114.87,-0.002345,75.01,0.373306,48.41,0.381564,105.47,0.383576,64.25,0.062686,71.57,0.042838,63.29,0.076361,84.85,0.075548,0.041025,98.38,0.000407,0.003859,86.64,0.012504,0.077129,111.31,-0.009698,-0.054032,69.19,0.227426,0.118319
Abr 10,87.2,0.012776,0.087824,104.2,0.027006,0.040024,67.79,-0.017109,0.199823,92.86,0.103637,115.95,-0.015872,73.53,0.28504,55.05,0.67682,92.69,0.091884,63.36,0.124601,74.89,0.509879,62.17,0.08822,84.61,0.087113,0.052582,103.3,0.043224,0.013808,98.4,0.113878,0.086818,108.69,-0.018866,-0.045457,62.97,0.182091,0.134043
May 10,85.36,-0.021101,0.062749,98.86,-0.051248,-0.029452,69.93,0.031568,0.271686,81.13,-0.10165,117.54,0.028167,74.24,0.307503,49.36,0.451338,100.48,0.258359,66.39,0.253824,82.21,0.577927,64.56,0.19445,81.58,0.060858,0.054226,97.01,-0.027469,0.005432,75.98,-0.094937,0.050403,120.17,0.025779,-0.030852,63.71,0.263085,0.158467
Jun 10,85.8,0.005155,0.054313,100.5,0.016589,-0.007995,69.58,-0.005005,0.190623,84.75,-0.027985,116.86,0.008109,74.64,0.267233,52.6,0.53085,98.28,0.161839,64.85,0.129791,77.41,0.271727,63.92,0.11846,84.01,0.055535,0.054449,96.8,-0.007179,0.003344,79.92,-0.029272,0.037319,115.39,0.010243,-0.024006,69.2,0.175871,0.161616
Jul 10,84.23,-0.018298,0.014697,98.39,-0.020995,-0.031785,66.15,-0.049296,0.131737,84.62,-0.061654,113.75,-0.003853,71.86,0.175335,55.04,0.345064,90.68,0.092793,63.29,0.099166,73.1,0.126695,61.02,0.091983,86.14,0.011745,0.047862,103.13,-0.03046,-0.001826,87.42,-0.05451,0.023021,120.42,-0.010355,-0.021949,66.46,0.097605,0.151572
Ago 10,86.14,0.022676,0.062276,97.8,-0.005997,-0.024536,72.79,0.100378,0.241303,82.97,-0.071301,114.75,0.017377,75.1,0.280477,57.81,0.545722,93.8,0.142788,70.12,0.194549,74.78,0.115121,70.17,0.218441,85.2,0.068741,0.050497,94.66,-0.02352,-0.00448,81.89,-0.078127,0.009859,108.73,0.027111,-0.016262,74.24,0.241887,0.163686
Sep 10,87.07,0.010796,0.06157,98.45,0.006646,-0.023313,74.12,0.018272,0.237602,85.31,-0.065813,113.81,0.017705,76.28,0.255431,59.27,0.511604,95.67,0.138251,71.99,0.229337,75.21,0.07091,71.81,0.2585,85.98,0.058085,0.051362,96.37,-0.029409,-0.007256,91.41,-0.079734,-0.001522,101.84,0.026199,-0.0121,73.95,0.224946,0.170994
Oct 10,88.28,0.013897,0.082792,98.96,0.00518,0.011344,75.86,0.023475,0.219614,85.77,-0.000466,113.98,0.018042,79.76,0.135697,67.35,0.353225,90.38,0.004222,73.46,0.267207,82.88,0.186033,73.02,0.280379,91.56,0.069002,0.053254,103.31,0.015931,-0.004882,84.67,-0.007735,-0.002133,123.83,0.034417,-0.007181,77.95,0.162219,0.169967
Nov 10,88.48,0.002266,0.088047,97.73,-0.012429,0.000512,77.38,0.020037,0.251698,83.73,-0.029892,113.53,0.021321,79.23,0.266059,64.56,0.287595,90.73,0.265235,75.28,0.234706,88.75,0.221947,74.21,0.228846,94.9,0.112935,0.059011,101.27,0.020455,-0.002581,83.81,-0.002024,-0.002123,120.5,0.038435,-0.00294,87.51,0.266609,0.180364
Dic 10,89.43,0.010737,0.07488,98.15,0.004298,-0.000204,78.17,0.010209,0.21893,86.29,-0.048097,111.89,0.038326,83.16,0.22836,66.92,0.278075,100.48,0.190804,73.94,0.197409,74.97,-0.110571,75.09,0.262653,102.27,0.079823,0.061025,109.91,0.000182,-0.002329,92.24,-0.053366,-0.006885,129.36,0.046687,0.001531,93.43,0.211174,0.183668
Ene 11,91.22,0.020016,0.081446,100.1,0.019868,-0.036852,81.22,0.039018,0.315517,86.01,-0.097955,114.87,0.027827,82.64,0.225386,68.83,0.438153,100.06,0.10919,83.54,0.409482,93.89,0.398421,77.08,0.401964,85.72,0.071902,0.071902,95.21,-0.050937,-0.050937,83.41,-0.107055,-0.107055,108.21,0.002594,0.002594,74.73,0.325235,0.325235
Feb 11,88.96,-0.024775,0.061069,98.91,-0.011888,-0.011197,77.81,-0.041985,0.194138,85.11,-0.044888,113.62,0.024342,82.92,0.23045,64.66,0.417982,103.1,0.133341,73.73,0.159277,70.21,-0.009592,74.05,0.183475,81.96,0.060834,0.066463,94.36,-0.009032,-0.030531,83.21,-0.029168,-0.069786,106.64,0.008893,0.005711,67.59,0.197131,0.261143
Mar 11,88.45,-0.005733,0.027294,98.46,-0.00455,-0.029568,77.56,-0.003213,0.124547,82.34,-0.073687,115.45,0.005049,84.06,0.120651,71.3,0.472836,98.56,-0.065516,72.56,0.129339,72.83,0.017605,72.8,0.150261,87.07,0.026164,0.052338,94.74,-0.036999,-0.032696,79.87,-0.078139,-0.072509,111.11,-0.001797,0.003139,78.18,0.129932,0.211272
Abr 11,89.79,0.01515,0.029702,99.72,0.012797,-0.042994,78.97,0.018179,0.164921,87.42,-0.058583,113.06,-0.024925,82.24,0.118455,66.69,0.211444,99.16,0.069803,76.26,0.203598,76.68,0.023902,76.83,0.235805,86.27,0.019619,0.043864,98.04,-0.05092,-0.037435,91.38,-0.071341,-0.072194,105.38,-0.030454,-0.005281,72.64,0.153565,0.196441
May 11,92.3,0.027954,0.081303,100.59,0.008724,0.017499,82.88,0.049512,0.185185,87.61,0.079872,114.66,-0.024502,85.59,0.152883,74.31,0.50547,98.9,-0.015725,80.12,0.206808,90.12,0.096217,79.22,0.227076,88.79,0.08838,0.052759,98.9,0.019483,-0.026263,82.91,0.091208,-0.043986,116.51,-0.030457,-0.010744,77.07,0.2097,0.199177
Jun 11,95.63,0.036078,0.114569,106.04,0.05418,0.055124,83.86,0.011824,0.205231,96.29,0.136165,117.07,0.001797,88.04,0.179528,74.31,0.412738,104.2,0.060236,80.21,0.236854,88.66,0.14533,79.4,0.242178,93.3,0.110582,0.062627,101.95,0.053202,-0.013248,90.6,0.133634,-0.01669,114.45,-0.008146,-0.010296,83.27,0.203324,0.199936
Jul 11,94.66,-0.010143,0.123828,103.26,-0.026217,0.049497,83.36,-0.005962,0.260166,89.94,0.062869,118.15,0.038681,88.85,0.236432,67.96,0.234738,111.37,0.228165,80.52,0.272239,97.38,0.332148,77.62,0.272042,95.45,0.10808,0.069396,108.26,0.049743,-0.00389,92.86,0.062228,-0.005334,125.23,0.039944,-0.002634,80.62,0.21306,0.201899
Ago 11,96.78,0.022396,0.12352,105.92,0.02576,0.083027,85.94,0.03095,0.180657,92.49,0.11474,120.94,0.053943,92.51,0.231824,69.99,0.21069,116.5,0.242004,80.3,0.14518,107.91,0.443033,77.61,0.106028,97.39,0.143075,0.078855,103.4,0.09233,0.007657,91.86,0.121749,0.009763,116.11,0.067875,0.0059,90.43,0.218077,0.204215
Sep 11,94.64,-0.022112,0.086942,103.8,-0.020015,0.054342,83.88,-0.02397,0.131678,88.72,0.039972,120.98,0.063,88.04,0.154169,69.21,0.167707,107.82,0.126999,80.42,0.1171,102.78,0.366574,78.03,0.086617,93.4,0.086299,0.079709,101.34,0.051572,0.012438,94.18,0.030303,0.012167,109.21,0.072368,0.012668,84.21,0.138742,0.196044
Oct 11,96.58,0.020499,0.094019,106.37,0.024759,0.074879,84.95,0.012756,0.119826,93.03,0.084645,121.19,0.063257,91.37,0.145562,66.86,-0.007275,116.5,0.289002,80.78,0.099646,86.4,0.042471,79.69,0.091345,100.26,0.09502,0.081376,111.46,0.078889,0.019383,91.42,0.079721,0.018776,133.52,0.078252,0.019893,87.29,0.11982,0.187183
Nov 11,97.39,0.008387,0.100701,108.66,0.021529,0.111839,84.65,-0.003531,0.093952,96.93,0.15765,121.64,0.071435,88.93,0.122428,64.82,0.004027,114.66,0.26375,80.62,0.070935,85.09,-0.041239,80.74,0.087994,105.57,0.112434,0.084524,114.93,0.134887,0.030116,99.85,0.191385,0.034016,131.54,0.091618,0.026838,94.73,0.082505,0.175099
Dic 11,98.89,0.015402,0.105781,108.4,-0.002393,0.104432,88.05,0.040165,0.126391,97.64,0.131533,120.82,0.079811,91.11,0.095599,64.35,-0.038404,123.11,0.225219,85.7,0.159048,109.57,0.461518,82.75,0.102011,112.69,0.101887,0.086235,121.36,0.104176,0.036902,103.51,0.122181,0.041824,141.02,0.090136,0.032798,102.65,0.098684,0.166714
Ene 12,96.92,-0.019921,0.062486,103.92,-0.041328,0.038162,88.93,0.009994,0.094927,92.48,0.075224,116.23,0.011839,94.92,0.148596,78.24,0.136714,113.92,0.138517,86.29,0.032918,92.27,-0.017254,82.63,0.072003,89.93,0.049113,0.049113,96.05,0.008823,0.008823,86.68,0.039204,0.039204,106.36,-0.017096,-0.017096,82.85,0.108658,0.108658
Feb 12,97.13,0.002167,0.091839,105.56,0.015781,0.067233,87.66,-0.014281,0.12659,91.7,0.077429,120.65,0.061873,92.06,0.110227,77.84,0.203835,108.15,0.048982,84.01,0.139428,95.61,0.361772,83.0,0.120864,91.71,0.11896,0.083254,101.65,0.077257,0.042887,91.93,0.104795,0.07196,112.36,0.053638,0.018013,80.2,0.186566,0.145658
Mar 12,96.33,-0.008236,0.08909,105.33,-0.002179,0.069775,86.18,-0.016883,0.11114,91.02,0.105417,121.05,0.048506,88.07,0.047704,72.18,0.012342,105.8,0.073458,84.9,0.170066,101.47,0.393245,83.01,0.140247,94.06,0.08028,0.082237,101.05,0.066603,0.05079,88.27,0.105171,0.082721,115.13,0.03618,0.024205,85.97,0.099642,0.129342
Abr 12,98.7,0.024603,0.099232,106.93,0.01519,0.072302,89.17,0.034695,0.129163,91.13,0.042439,124.58,0.101893,92.48,0.124514,72.92,0.093417,114.56,0.155305,86.52,0.13454,117.35,0.530386,82.65,0.075752,93.75,0.086705,0.083368,104.16,0.062424,0.053773,94.1,0.029766,0.068399,115.22,0.093376,0.041104,81.7,0.124725,0.128198
May 12,98.11,-0.005978,0.062947,107.47,0.00505,0.068396,87.55,-0.018168,0.056347,91.37,0.042917,124.84,0.088784,94.63,0.10562,78.07,0.050599,112.63,0.138827,82.21,0.026086,89.72,-0.004439,81.34,0.026761,95.96,0.080752,0.082827,105.91,0.07088,0.057288,87.61,0.056688,0.066092,126.05,0.081881,0.049776,84.44,0.095627,0.121418
Jun 12,96.39,-0.017531,0.007947,105.06,-0.022425,-0.009242,86.39,-0.01325,0.030169,88.45,-0.081421,123.56,0.055437,91.47,0.03896,76.0,0.022743,108.3,0.039347,83.02,0.035033,99.6,0.123393,81.29,0.023804,93.12,-0.001929,0.06771,100.6,-0.013242,0.044959,83.15,-0.08223,0.039814,119.82,0.04692,0.049283,84.44,0.014051,0.101702
Jul 12,99.63,0.033613,0.052504,108.89,0.036455,0.054523,87.65,0.014585,0.051464,97.56,0.084723,121.65,0.029623,96.99,0.091615,82.62,0.215715,112.98,0.014456,81.57,0.01304,90.38,-0.071883,79.83,0.028472,101.0,0.058146,0.066234,114.17,0.054591,0.046467,99.97,0.076567,0.045462,129.81,0.036573,0.047262,85.74,0.063508,0.095937
Ago 12,97.29,-0.023487,0.00527,105.96,-0.026908,0.000378,87.16,-0.00559,0.014196,92.62,0.001406,120.71,-0.001902,91.66,-0.009188,77.42,0.106158,106.98,-0.081717,83.5,0.039851,98.58,-0.086461,82.06,0.057338,97.9,0.005237,0.057937,103.97,0.005513,0.041139,92.29,0.004681,0.04008,116.83,0.006201,0.041986,90.86,0.004755,0.082734
Sep 12,99.61,0.023846,0.052515,107.28,0.012458,0.033526,90.98,0.043827,0.084645,93.82,0.057484,121.93,0.007853,100.16,0.137665,83.21,0.202283,117.68,0.091449,83.59,0.039418,91.91,-0.10576,82.45,0.056645,96.66,0.034904,0.055279,105.07,0.036807,0.040649,99.6,0.057549,0.042162,111.09,0.017215,0.039315,86.92,0.032181,0.076728
Oct 12,97.08,-0.025399,0.005177,105.2,-0.019389,-0.010999,87.56,-0.037591,0.030724,89.91,-0.033538,121.77,0.004786,91.17,-0.002189,76.48,0.143883,105.43,-0.095021,84.35,0.044194,96.73,0.11956,82.88,0.04003,103.54,0.032715,0.052792,110.75,-0.00637,0.035448,89.24,-0.023846,0.035318,134.44,0.00689,0.035538,95.18,0.090388,0.078226
Nov 12,98.12,0.010713,0.007496,105.29,0.000856,-0.031014,89.68,0.024212,0.059421,94.47,-0.025379,117.28,-0.035843,95.7,0.076127,82.36,0.270595,109.7,-0.043258,85.0,0.054329,102.66,0.206487,82.67,0.023904,107.06,0.014114,0.04877,112.69,-0.01949,0.029824,97.96,-0.018928,0.0298,128.91,-0.019994,0.029822,100.54,0.061332,0.076429
Dic 12,94.28,-0.039136,-0.046617,102.09,-0.030392,-0.05821,85.25,-0.049398,-0.0318,83.96,-0.140107,121.23,0.003393,87.62,-0.038305,78.97,0.227195,96.86,-0.213224,83.49,-0.025788,96.42,-0.120015,81.05,-0.020544,105.29,-0.065667,0.037336,114.38,-0.057515,0.021303,88.64,-0.143658,0.013253,142.73,0.012126,0.028063,94.77,-0.076766,0.060599
Ene 13,94.67,0.004137,-0.023215,103.04,0.009306,-0.008468,85.41,0.001877,-0.039582,89.43,-0.03298,117.8,0.013508,86.69,-0.086705,80.25,0.02569,94.75,-0.168276,84.91,-0.015993,99.82,0.081825,82.65,0.000242,87.98,-0.021684,-0.021684,93.03,-0.031442,-0.031442,80.81,-0.06772,-0.06772,106.48,0.001128,0.001128,82.14,-0.00857,-0.00857
Feb 13,97.0,0.024612,-0.001338,103.65,0.00592,-0.018094,89.5,0.047887,0.02099,92.46,0.008288,115.55,-0.042271,91.78,-0.003041,85.76,0.101747,98.4,-0.090153,87.71,0.044042,115.72,0.210334,84.35,0.016265,90.58,-0.012321,-0.016957,100.56,-0.010723,-0.020789,94.4,0.026868,-0.019036,107.34,-0.044678,-0.022403,79.01,-0.014838,-0.011653
Mar 13,96.33,-0.006907,0.0,101.65,-0.019296,-0.034938,90.2,0.007821,0.046647,90.36,-0.007251,114.36,-0.055266,94.87,0.077211,85.52,0.184816,103.48,-0.021928,86.88,0.023322,95.25,-0.061299,86.49,0.041923,88.08,-0.063576,-0.032862,94.36,-0.066205,-0.036151,84.74,-0.039991,-0.025967,104.95,-0.088422,-0.04517,80.8,-0.060137,-0.028391
Abr 13,93.47,-0.02969,-0.052989,98.28,-0.033153,-0.080894,87.92,-0.025277,-0.014018,83.56,-0.083068,114.93,-0.07746,90.05,-0.026276,82.24,0.127811,98.56,-0.139665,85.78,-0.008553,97.36,-0.170345,84.05,0.016939,94.71,0.01024,-0.021924,98.16,-0.057604,-0.041697,89.41,-0.049841,-0.03219,107.78,-0.064572,-0.050148,90.72,0.110404,0.005896
May 13,95.06,0.017011,-0.031088,102.78,0.045788,-0.04364,86.21,-0.019449,-0.015306,92.65,0.014009,114.14,-0.08571,88.25,-0.06742,82.04,0.050852,94.54,-0.160614,84.14,0.023476,93.78,0.045252,83.46,0.026063,92.9,-0.031888,-0.023979,101.41,-0.042489,-0.041862,89.92,0.026367,-0.020754,114.06,-0.095121,-0.060005,83.03,-0.016698,0.001301
Jun 13,91.7,-0.035346,-0.048656,97.11,-0.055166,-0.075671,85.78,-0.004988,-0.007061,83.83,-0.052233,112.28,-0.091292,87.97,-0.038264,80.28,0.056316,96.53,-0.10868,84.51,0.017947,91.88,-0.07751,83.48,0.026941,87.29,-0.062607,-0.030419,92.77,-0.077833,-0.0478,78.92,-0.050872,-0.025464,108.01,-0.098565,-0.066653,80.94,-0.04145,-0.005925
Jul 13,93.74,0.022246,-0.059119,99.06,0.02008,-0.090275,86.83,0.012241,-0.009355,82.4,-0.155392,117.19,-0.036663,87.04,-0.102588,81.5,-0.013556,94.8,-0.160913,86.59,0.061542,98.49,0.089732,84.57,0.059376,96.24,-0.047129,-0.032978,103.65,-0.092143,-0.054796,83.26,-0.16715,-0.047886,126.1,-0.02858,-0.060661,87.66,0.022393,-0.001777
Ago 13,91.78,-0.020909,-0.056635,99.58,0.005249,-0.060211,82.77,-0.046758,-0.050367,85.64,-0.075362,114.95,-0.047718,84.57,-0.077351,76.67,-0.009687,93.75,-0.123668,81.75,-0.020958,86.05,-0.127105,80.76,-0.015842,92.02,-0.060061,-0.036479,98.47,-0.0529,-0.054558,86.03,-0.06783,-0.050428,112.16,-0.039973,-0.058094,84.55,-0.069448,-0.01087
Sep 13,91.58,-0.002179,-0.080614,97.92,-0.01667,-0.087248,83.88,0.013411,-0.078039,85.16,-0.092304,111.91,-0.082178,86.69,-0.134485,75.6,-0.091455,98.61,-0.16205,81.86,-0.020696,91.84,-0.000762,80.43,-0.0245,89.65,-0.072522,-0.040558,96.94,-0.077377,-0.057129,91.64,-0.07992,-0.053995,102.78,-0.074804,-0.059857,81.21,-0.065693,-0.017114
Oct 13,91.97,0.004259,-0.052637,100.2,0.023284,-0.047529,82.85,-0.012279,-0.053792,85.95,-0.044044,115.64,-0.050341,83.19,-0.087529,70.97,-0.072045,95.96,-0.089823,82.5,-0.021932,89.56,-0.074124,81.51,-0.01653,98.43,-0.049353,-0.041509,105.01,-0.051828,-0.056566,85.59,-0.040901,-0.052715,126.38,-0.059952,-0.059868,90.81,-0.045913,-0.020308
Nov 13,91.01,-0.010438,-0.072462,99.65,-0.005489,-0.053566,81.16,-0.020398,-0.095004,85.16,-0.09855,115.32,-0.016712,80.64,-0.157367,71.52,-0.131617,91.17,-0.168915,81.99,-0.035412,96.79,-0.057179,80.1,-0.031087,98.83,-0.076873,-0.045065,106.6,-0.054042,-0.05632,86.53,-0.11668,-0.058914,128.69,-0.001707,-0.054171,89.82,-0.106624,-0.029358
Dic 13,93.93,0.032084,-0.003712,101.35,0.01706,-0.007249,85.52,0.053721,0.003167,88.9,0.058838,114.86,-0.052545,84.1,-0.040173,73.99,-0.063062,95.81,-0.01084,86.92,0.041083,91.7,-0.048952,85.5,0.054904,105.32,0.000285,-0.040984,113.41,-0.008481,-0.052013,92.84,0.047383,-0.050344,136.06,-0.046732,-0.053443,95.95,0.012451,-0.025598
Ene 14,91.72,-0.023528,-0.031161,98.44,-0.028712,-0.044643,83.81,-0.019995,-0.018733,85.17,-0.047635,112.86,-0.041935,84.51,-0.025147,68.82,-0.14243,100.57,0.061425,82.87,-0.024025,101.4,0.015828,82.37,-0.003388,84.47,-0.039895,-0.039895,87.87,-0.055466,-0.055466,75.44,-0.066452,-0.066452,101.56,-0.046206,-0.046206,80.52,-0.019722,-0.019722
Feb 14,94.67,0.032163,-0.024021,101.79,0.034031,-0.017945,86.37,0.030545,-0.034972,90.92,-0.016656,113.3,-0.019472,84.8,-0.076051,74.3,-0.133629,95.73,-0.027134,87.6,-0.001254,94.69,-0.181732,86.64,0.027149,88.48,-0.023184,-0.031418,99.09,-0.014618,-0.034248,92.91,-0.015784,-0.039153,105.9,-0.013415,-0.029745,76.19,-0.035692,-0.027552
Mar 14,95.57,0.009507,-0.00789,102.13,0.00334,0.004722,87.81,0.016672,-0.026497,92.96,0.028774,112.62,-0.015215,89.3,-0.058712,77.72,-0.091207,100.3,-0.030731,86.81,-0.000806,99.55,0.045144,84.34,-0.024858,92.11,0.045754,-0.005926,98.33,0.042073,-0.009238,91.36,0.078121,-0.000923,106.0,0.010005,-0.016658,84.9,0.050743,-0.001405
Abr 14,95.51,-0.000628,0.021825,102.42,0.00284,0.042125,87.68,-0.00148,-0.00273,92.37,0.105433,112.83,-0.018272,89.03,-0.011327,81.74,-0.00608,97.12,-0.01461,86.41,0.007344,86.97,-0.106717,86.75,0.032124,92.19,-0.026608,-0.011346,99.28,0.01141,-0.003989,97.06,0.085561,0.02121,101.73,-0.056133,-0.026632,83.98,-0.074295,-0.021282
May 14,95.22,-0.003036,0.001683,101.51,-0.008885,-0.012356,88.28,0.006843,0.024011,91.55,-0.011873,112.63,-0.013229,89.78,0.017337,81.51,-0.00646,97.32,0.029406,87.45,0.039339,103.54,0.104073,85.04,0.018931,92.33,-0.006136,-0.010281,100.17,-0.012228,-0.005702,89.82,-0.001112,0.016641,111.56,-0.021918,-0.025638,83.26,0.00277,-0.016478
Jun 14,95.67,0.004726,0.043293,103.7,0.021574,0.067861,86.07,-0.025034,0.003381,92.02,0.097698,116.8,0.040257,90.58,0.029669,84.52,0.052815,97.11,0.006008,83.03,-0.017513,93.88,0.021768,81.65,-0.021921,91.66,0.050063,-0.000554,99.06,0.067802,0.006049,86.91,0.101242,0.029525,112.44,0.041015,-0.014539,83.09,0.026563,-0.009464
Jul 14,94.29,-0.014425,0.005867,100.65,-0.029412,0.016051,87.12,0.012199,0.00334,86.14,0.045388,116.65,-0.004608,86.11,-0.010685,81.72,0.002699,92.34,-0.025949,87.48,0.010278,102.04,0.036044,85.26,0.008159,96.53,0.003013,-1.6e-05,104.54,0.008587,0.006433,86.22,0.035551,0.030359,124.73,-0.010864,-0.013941,87.25,-0.004677,-0.008746
Ago 14,95.5,0.012833,0.040532,102.3,0.016393,0.027315,87.79,0.007691,0.06065,87.43,0.020901,118.89,0.034276,88.94,0.051673,83.3,0.086475,95.16,0.01504,86.63,0.059694,99.0,0.150494,85.05,0.05312,94.76,0.029776,0.003741,101.24,0.02813,0.009164,87.49,0.016971,0.028684,116.37,0.037536,-0.007431,87.27,0.03217,-0.003573
Sep 14,94.57,-0.009738,0.032649,102.21,-0.00088,0.043811,85.42,-0.026996,0.01836,85.99,0.009746,120.93,0.0806,86.97,0.00323,81.87,0.082937,93.29,-0.05395,84.1,0.027364,98.6,0.073606,82.03,0.019893,94.49,0.053988,0.009238,102.62,0.058593,0.014613,93.54,0.020733,0.027749,112.62,0.095738,0.003284,85.08,0.047654,0.001973
Oct 14,98.95,0.046315,0.075894,106.37,0.040701,0.061577,90.35,0.057715,0.090525,94.62,0.100873,119.23,0.031045,94.54,0.136435,91.36,0.287304,99.28,0.034598,87.02,0.054788,105.19,0.17452,85.22,0.045516,105.64,0.07325,0.016102,110.28,0.050186,0.018408,94.12,0.099661,0.034867,128.07,0.013372,0.004426,100.27,0.104174,0.01301
Nov 14,98.27,-0.006872,0.079771,104.93,-0.013538,0.052985,91.11,0.008412,0.122597,87.85,0.031588,122.62,0.063302,94.68,0.174107,90.07,0.259368,99.27,0.088845,88.48,0.079156,94.61,-0.022523,87.48,0.092135,105.22,0.064656,0.020822,111.79,0.048687,0.021367,87.97,0.016642,0.033209,138.02,0.0725,0.011464,97.61,0.086729,0.020125
Dic 14,97.95,-0.003256,0.042798,104.14,-0.007529,0.027528,90.39,-0.007903,0.056946,90.86,0.022047,118.37,0.030559,98.04,0.165755,93.45,0.263009,103.03,0.075357,84.74,-0.025081,99.47,0.084733,81.37,-0.048304,110.99,0.053836,0.023921,116.48,0.02707,0.021904,94.58,0.018742,0.031923,140.61,0.033441,0.01363,104.62,0.09036,0.026689
Ene 15,99.16,0.012353,0.081116,103.53,-0.005857,0.051707,93.95,0.039385,0.120988,90.02,0.056945,118.35,0.048644,94.36,0.116554,87.34,0.269108,100.07,-0.004972,94.05,0.13491,91.63,-0.096351,96.93,0.176763,91.16,0.0792,0.0792,93.05,0.058951,0.058951,79.93,0.059517,0.059517,107.5,0.058488,0.058488,88.97,0.104943,0.104943
Feb 15,96.17,-0.030153,0.015845,101.4,-0.020574,-0.003831,90.17,-0.040234,0.043997,87.51,-0.037505,116.91,0.031862,92.66,0.092689,82.35,0.108345,102.71,0.072913,88.25,0.00742,102.34,0.08079,86.29,-0.00404,89.52,0.011754,0.044695,98.75,-0.003431,0.025888,88.26,-0.050048,-0.00095,110.3,0.041549,0.049841,78.82,0.034519,0.070704
Mar 15,97.22,0.010918,0.017265,101.74,0.003353,-0.003819,91.79,0.017966,0.045325,86.83,-0.065942,118.57,0.052833,87.45,-0.020717,76.03,-0.021745,97.58,-0.027119,93.96,0.082364,109.06,0.09553,91.7,0.087266,94.61,0.027141,0.038595,98.44,0.001119,0.017351,86.1,-0.057574,-0.020869,112.03,0.056887,0.052224,90.18,0.062191,0.067712
Abr 15,100.74,0.036207,0.054759,106.84,0.050128,0.043156,93.6,0.019719,0.067518,95.94,0.038649,118.78,0.052734,93.27,0.047624,90.31,0.104845,97.16,0.000412,94.23,0.090499,117.53,0.351386,90.93,0.048184,96.6,0.047836,0.04098,103.42,0.0417,0.023637,101.09,0.041521,-0.003896,105.98,0.041777,0.049664,88.7,0.056204,0.064744
May 15,98.65,-0.020746,0.036022,103.86,-0.027892,0.02315,93.31,-0.003098,0.056978,88.63,-0.031895,120.84,0.072894,92.9,0.034752,88.32,0.083548,96.03,-0.013255,93.41,0.068153,104.69,0.011107,91.75,0.078904,94.27,0.021012,0.036879,102.19,0.020166,0.02292,87.22,-0.028947,-0.008934,118.67,0.063733,0.052644,85.1,0.022099,0.05606
Jun 15,100.81,0.021896,0.053726,103.37,-0.004718,-0.003182,97.5,0.044904,0.132799,90.75,-0.013801,117.78,0.00839,96.39,0.064142,92.08,0.089446,101.04,0.04047,96.91,0.167168,102.43,0.091074,96.02,0.175995,98.59,0.075605,0.043437,99.28,0.002221,0.019407,86.41,-0.005753,-0.008416,113.46,0.009072,0.044979,97.78,0.176796,0.076452
Jul 15,102.68,0.01855,0.088981,108.49,0.049531,0.077894,95.62,-0.019282,0.097567,98.69,0.145693,119.4,0.023575,100.17,0.16328,88.3,0.080519,114.66,0.241715,92.19,0.053841,103.95,0.018718,90.78,0.064743,104.4,0.081529,0.049203,111.9,0.070404,0.027152,98.9,0.147066,0.013216,126.22,0.011946,0.039585,95.71,0.096963,0.079542
Ago 15,102.2,-0.004675,0.070157,107.27,-0.011245,0.048583,96.31,0.007216,0.09705,98.21,0.123299,117.16,-0.014551,100.58,0.130875,103.53,0.242857,98.55,0.035624,93.24,0.076302,98.72,-0.002828,92.14,0.083363,102.1,0.077459,0.052858,106.3,0.04998,0.030079,98.41,0.124814,0.027022,114.98,-0.011945,0.032773,97.25,0.114358,0.084101
Sep 15,103.33,0.011057,0.09263,108.02,0.006992,0.056844,98.02,0.017755,0.147506,101.38,0.178974,114.71,-0.051435,102.55,0.179142,107.41,0.311958,98.57,0.056598,93.96,0.117241,93.97,-0.046957,94.34,0.150067,104.41,0.104985,0.058814,110.2,0.073865,0.035115,111.61,0.193179,0.046431,108.66,-0.035162,0.025068,97.69,0.148213,0.091359
Oct 15,99.74,-0.034743,0.007984,100.85,-0.066377,-0.051894,98.18,0.001632,0.086663,90.85,-0.039844,111.63,-0.063742,105.19,0.112651,111.41,0.219461,99.85,0.005741,93.14,0.070329,104.26,-0.008841,91.64,0.075334,104.79,-0.008046,0.051241,102.72,-0.068553,0.023711,88.48,-0.059924,0.035245,118.4,-0.075506,0.013577,107.18,0.068914,0.088717
Nov 15,100.97,0.012332,0.027475,101.61,0.007536,-0.03164,100.11,0.019658,0.098782,92.45,0.052362,110.88,-0.095743,109.26,0.153992,116.2,0.290108,99.38,0.001108,92.82,0.049051,102.18,0.080013,91.53,0.046296,107.96,0.026041,0.048686,107.35,-0.039717,0.017348,91.9,0.044674,0.036089,124.36,-0.098971,0.001239,108.66,0.113206,0.091235
Dic 15,98.69,-0.022581,0.007555,102.46,0.008365,-0.016132,94.56,-0.055439,0.046133,94.84,0.043804,111.01,-0.062178,103.08,0.051408,108.45,0.160514,93.86,-0.089003,89.22,0.052868,94.47,-0.050266,87.09,0.070296,111.89,0.008109,0.044766,114.34,-0.018372,0.013967,98.79,0.044513,0.036829,131.46,-0.065074,-0.005423,109.04,0.042248,0.086372
Ene 16,99.43,0.007498,0.002723,103.11,0.006344,-0.004057,95.19,0.006662,0.013199,96.4,0.070873,110.84,-0.063456,105.54,0.118482,108.55,0.242844,99.9,-0.001699,87.79,-0.06656,99.19,0.082506,88.24,-0.089652,90.69,-0.005156,-0.005156,93.97,0.009887,0.009887,86.7,0.084699,0.084699,101.98,-0.051349,-0.051349,86.9,-0.023266,-0.023266
Feb 16,101.31,0.018908,0.053447,104.67,0.015129,0.032249,96.75,0.016388,0.072973,96.2,0.099303,114.35,-0.021897,108.61,0.172135,113.25,0.375228,103.73,0.009931,88.23,-0.000227,90.42,-0.116474,87.68,0.016108,95.86,0.070822,0.032488,102.59,0.038886,0.024818,96.76,0.096306,0.09079,109.01,-0.011695,-0.031267,88.06,0.117229,0.042732
Mar 16,99.71,-0.015793,0.025612,105.13,0.004395,0.03332,93.57,-0.032868,0.019392,96.96,0.116665,113.84,-0.039892,101.53,0.161006,104.34,0.372353,98.39,0.008301,87.81,-0.065453,90.68,-0.168531,87.54,-0.045365,94.05,-0.005919,0.019289,99.03,0.005993,0.018433,93.15,0.081882,0.087774,105.52,-0.058109,-0.040384,88.27,-0.02118,0.02039
Abr 16,99.82,0.001103,-0.009132,103.28,-0.017597,-0.033321,95.7,0.022764,0.022436,97.23,0.013446,109.76,-0.075939,107.45,0.152032,111.27,0.232089,102.47,0.054652,86.87,-0.078107,87.7,-0.253808,86.52,-0.048499,99.07,0.025569,0.02092,102.62,-0.007735,0.011558,104.99,0.038579,0.07378,100.01,-0.056331,-0.044262,94.97,0.070688,0.033259
May 16,98.7,-0.01122,0.000507,103.76,0.004648,-0.000963,93.15,-0.026646,-0.001715,98.06,0.106397,110.13,-0.08863,100.13,0.077826,103.57,0.172668,96.92,0.009268,87.76,-0.060486,92.1,-0.12026,87.13,-0.050354,94.95,0.007213,0.018148,101.66,-0.005186,0.008107,96.48,0.106168,0.080163,107.36,-0.095306,-0.055187,87.19,0.024559,0.031545
Jun 16,99.27,0.005775,-0.015276,102.76,-0.009638,-0.005901,95.36,0.023725,-0.021949,97.28,0.071956,109.13,-0.073442,99.87,0.036103,103.34,0.122285,97.03,-0.039687,91.31,-0.057786,102.97,0.005272,89.54,-0.067486,97.9,-0.006999,0.013758,99.62,0.003425,0.007326,93.97,0.08749,0.08136,105.84,-0.06716,-0.057221,95.92,-0.019022,0.022208
Jul 16,97.5,-0.01783,-0.050448,101.35,-0.013721,-0.065813,93.26,-0.022022,-0.024681,96.7,-0.020164,106.61,-0.107119,98.55,-0.016173,100.42,0.137259,98.04,-0.14495,89.4,-0.030264,93.56,-0.099952,89.12,-0.018286,96.61,-0.074617,-3e-05,103.55,-0.07462,-0.005643,97.29,-0.016279,0.065981,110.45,-0.124941,-0.067984,88.56,-0.074705,0.007373
Ago 16,100.73,0.033128,-0.014384,101.46,0.001085,-0.054162,99.42,0.066052,0.032292,96.61,-0.016292,106.7,-0.08928,110.32,0.096838,112.12,0.082971,108.78,0.103805,90.81,-0.026062,103.2,0.045381,89.45,-0.029195,103.22,0.01097,0.001426,100.01,-0.059172,-0.012639,95.53,-0.029265,0.053076,104.95,-0.087233,-0.070418,106.95,0.099743,0.019806
Sep 16,100.46,-0.00268,-0.027775,101.23,-0.002267,-0.062859,99.39,-0.000302,0.013977,95.96,-0.053462,106.81,-0.068869,104.8,0.021941,106.64,-0.007169,103.0,0.044943,95.29,0.014155,113.35,0.206236,93.1,-0.013144,102.22,-0.020975,-0.001245,104.08,-0.055535,-0.017758,104.66,-0.06227,0.037712,103.44,-0.04804,-0.068029,100.07,0.024363,0.020349
Oct 16,101.76,0.01294,0.020253,102.98,0.017287,0.02112,99.79,0.004025,0.016398,97.55,0.073748,108.82,-0.025172,108.86,0.034889,114.9,0.031326,104.52,0.04677,92.93,-0.002255,98.52,-0.055055,92.1,0.00502,104.44,-0.00334,-0.001469,104.07,0.013143,-0.014665,94.15,0.064082,0.040231,115.0,-0.028716,-0.063932,104.87,-0.021553,0.015506
Nov 16,103.14,0.013561,0.021492,107.91,0.047873,0.062002,98.35,-0.01443,-0.017581,103.41,0.118551,112.19,0.011815,106.63,-0.024071,109.11,-0.061015,102.78,0.034212,91.12,-0.018315,98.28,-0.038168,90.49,-0.011362,110.96,0.027788,0.001433,113.04,0.053004,-0.008257,102.97,0.120457,0.047471,124.13,-0.001849,-0.057808,108.55,-0.001012,0.013774
Dic 16,102.83,-0.003006,0.04195,102.76,-0.047725,0.002928,102.64,0.04362,0.085448,93.14,-0.017925,112.93,0.017296,115.68,0.122235,123.61,0.139788,104.79,0.11645,95.08,0.06568,94.44,-0.000318,94.24,0.082099,115.28,0.030298,0.004124,114.3,-0.00035,-0.007532,97.75,-0.010527,0.042342,132.52,0.008063,-0.051587,116.41,0.06759,0.018898
Ene 17,100.89,-0.018866,0.014684,102.39,-0.003601,-0.006983,98.99,-0.035561,0.03992,95.26,-0.011826,110.41,-0.003879,109.31,0.035721,105.47,-0.028374,110.32,0.104304,91.11,0.037818,103.53,0.043754,90.37,0.024139,93.69,0.03308,0.03308,95.36,0.014792,0.014792,88.14,0.016609,0.016609,103.31,0.013042,0.013042,91.76,0.055926,0.055926
Feb 17,99.47,-0.014075,-0.018162,101.38,-0.009864,-0.031432,97.39,-0.016163,0.006615,95.51,-0.007173,108.21,-0.053695,102.52,-0.056072,103.22,-0.088565,100.92,-0.02709,93.06,0.054743,95.83,0.059832,92.33,0.053034,92.92,-0.03067,0.000322,99.89,-0.026318,-0.006665,96.45,-0.003204,0.006159,103.68,-0.048895,-0.018958,84.85,-0.036452,0.009431
Mar 17,100.41,0.00945,0.00702,101.81,0.004241,-0.03158,98.44,0.010781,0.052047,100.02,0.031559,103.99,-0.086525,106.31,0.04708,107.52,0.030477,102.71,0.043907,92.02,0.047944,92.29,0.017755,92.09,0.051976,99.9,0.062201,0.021062,99.51,0.004847,-0.002808,99.98,0.073323,0.028777,98.98,-0.061979,-0.033301,100.35,0.136853,0.05216
Abr 17,97.29,-0.031073,-0.025346,97.97,-0.037717,-0.051414,96.91,-0.015542,0.012644,91.91,-0.054716,105.02,-0.043185,100.75,-0.062355,103.58,-0.069111,98.04,-0.043232,94.23,0.084724,96.13,0.096123,93.87,0.084951,89.81,-0.093469,-0.008823,93.67,-0.087215,-0.02456,93.61,-0.108391,-0.008962,93.73,-0.062794,-0.040382,85.34,-0.1014,0.011446
May 17,99.65,0.024257,0.009625,98.55,0.00592,-0.050212,100.69,0.039005,0.080945,96.67,-0.014175,100.78,-0.0849,103.3,0.031659,105.11,0.014869,102.94,0.062113,98.24,0.119417,103.07,0.11911,97.45,0.118444,97.86,0.030648,-0.000927,96.35,-0.052233,-0.030188,95.48,-0.010365,-0.009245,97.32,-0.093517,-0.051271,99.6,0.142333,0.037069
Jun 17,100.48,0.008329,0.012189,100.61,0.020903,-0.020923,100.13,-0.005562,0.050021,100.88,0.037007,100.47,-0.079355,103.51,0.036447,105.14,0.017418,102.1,0.052252,97.02,0.062534,93.19,-0.094979,97.34,0.087112,99.43,0.015628,0.001904,98.24,-0.013853,-0.027473,98.37,0.046823,-3.5e-05,98.09,-0.073224,-0.054961,100.81,0.05098,0.039534
Jul 17,99.18,-0.012938,0.017231,99.1,-0.015008,-0.0222,99.66,-0.004694,0.068625,97.18,0.004964,101.18,-0.050933,102.55,0.040589,107.43,0.069807,99.49,0.01479,98.11,0.097427,90.91,-0.028324,98.67,0.107159,97.95,0.01387,0.003632,100.47,-0.029744,-0.027808,97.9,0.00627,0.000881,103.3,-0.064735,-0.056419,95.03,0.073058,0.044247
Ago 17,100.11,0.009377,-0.006155,100.96,0.018769,-0.004928,99.42,-0.002408,0.0,101.34,0.04896,100.35,-0.059513,99.56,-0.097534,98.5,-0.121477,100.6,-0.075198,99.26,0.093051,97.13,-0.058818,99.49,0.112241,102.87,-0.003391,0.002693,99.62,-0.0039,-0.02483,99.48,0.041348,0.005936,99.78,-0.049262,-0.055531,106.63,-0.002992,0.03739
Sep 17,99.98,-0.001299,-0.004778,103.21,0.022286,0.019559,96.31,-0.031281,-0.030989,102.94,0.072739,102.94,-0.036233,97.8,-0.066794,103.19,-0.032352,92.48,-0.102136,95.07,-0.002309,95.83,-0.154566,95.04,0.020838,101.59,-0.006163,0.001658,106.3,0.02133,-0.019534,110.13,0.052264,0.011512,102.07,-0.013244,-0.050919,96.15,-0.039173,0.028235
Oct 17,99.49,-0.004901,-0.022307,102.51,-0.006782,-0.004564,95.24,-0.01111,-0.045596,100.78,0.033111,104.34,-0.041169,96.43,-0.114183,99.32,-0.135596,92.89,-0.111271,93.95,0.010976,94.28,-0.043037,94.5,0.026059,101.95,-0.023841,-0.001062,102.9,-0.011242,-0.018681,96.57,0.025704,0.012898,109.87,-0.044609,-0.050237,100.85,-0.038333,0.020823
Nov 17,99.48,-0.000101,-0.035486,101.44,-0.010438,-0.059957,97.46,0.02331,-0.009049,100.23,-0.030751,103.04,-0.081558,99.1,-0.070618,98.96,-0.093025,99.4,-0.032886,96.36,0.057507,90.2,-0.082214,96.94,0.071279,105.27,-0.05128,-0.006174,104.91,-0.071921,-0.024034,99.13,-0.037292,0.008053,111.27,-0.103601,-0.055814,105.68,-0.026439,0.015938
Dic 17,102.65,0.031866,-0.00175,105.92,0.044164,0.030751,99.13,0.017135,-0.034197,105.8,0.135924,106.41,-0.057735,103.91,-0.101746,107.04,-0.134051,99.7,-0.048573,97.68,0.027345,106.98,0.132783,96.93,0.028544,112.49,-0.024202,-0.007899,116.81,0.02196,-0.019789,111.31,0.138721,0.019023,122.86,-0.072895,-0.057529,107.49,-0.076626,0.006703
Ene 18,100.43,-0.021627,-0.004559,101.13,-0.045223,-0.012306,99.39,0.002623,0.004041,100.29,0.052803,102.04,-0.075808,97.45,-0.108499,99.1,-0.060396,94.42,-0.144126,99.2,0.088794,94.4,-0.088187,99.95,0.106009,96.0,0.024656,0.024656,96.2,0.008809,0.008809,95.68,0.085546,0.085546,96.78,-0.063208,-0.063208,95.77,0.043701,0.043701
Feb 18,101.56,0.011252,0.021011,102.26,0.011174,0.00868,100.91,0.015293,0.036143,105.7,0.10669,98.12,-0.093245,100.77,-0.01707,103.01,-0.002034,97.49,-0.033987,100.25,0.077262,90.27,-0.058019,101.32,0.097368,95.46,0.027335,0.02599,101.16,0.012714,0.010807,107.11,0.110524,0.098597,94.6,-0.087577,-0.075414,88.86,0.04726,0.045411
Mar 18,102.03,0.004628,0.016134,100.91,-0.013202,-0.00884,103.37,0.024378,0.050081,100.55,0.005299,101.42,-0.024714,105.5,-0.007619,107.22,-0.00279,102.63,-0.000779,102.13,0.109867,109.08,0.181927,100.93,0.095993,96.24,-0.036637,0.004153,95.91,-0.036177,-0.005055,97.07,-0.029106,0.05373,94.64,-0.043847,-0.065202,96.62,-0.03717,0.01549
Abr 18,100.14,-0.018524,0.029294,99.71,-0.011892,0.017761,100.39,-0.028828,0.03591,99.79,0.085736,99.01,-0.057227,99.15,-0.015881,99.31,-0.041224,99.43,0.014178,100.55,0.06707,104.75,0.08967,99.64,0.061468,98.42,0.095869,0.026042,99.1,0.057969,0.010143,105.7,0.129153,0.072399,91.83,-0.020271,-0.054666,97.63,0.144012,0.045763
May 18,102.27,0.02127,0.026292,101.9,0.021964,0.033993,102.55,0.021516,0.018473,100.67,0.041378,103.75,0.02947,107.89,0.044434,107.63,0.023975,109.72,0.065864,98.59,0.003563,91.58,-0.111478,99.26,0.018574,101.21,0.034233,0.027732,99.81,0.035911,0.015265,100.54,0.052995,0.068488,99.0,0.017263,-0.040582,102.83,0.03243,0.042888
Jun 18,101.9,-0.003618,0.014132,101.99,0.000883,0.013716,102.24,-0.003023,0.021073,101.72,0.008327,101.69,0.012143,104.76,0.012076,104.71,-0.00409,105.11,0.029481,101.07,0.041744,103.64,0.112136,100.19,0.029279,100.27,0.008448,0.024389,99.49,0.012724,0.014837,99.04,0.006811,0.057882,99.99,0.01937,-0.0307,101.18,0.00367,0.035862
Jul 18,102.56,0.006477,0.034079,101.55,-0.004314,0.024723,103.95,0.016725,0.043046,102.41,0.053818,100.48,-0.006918,102.86,0.003023,106.34,-0.010146,100.14,0.006533,104.45,0.064621,100.15,0.101639,105.06,0.064761,101.75,0.038795,0.026491,102.18,0.01702,0.015158,102.92,0.051277,0.056916,101.36,-0.01878,-0.028937,101.26,0.065558,0.040153
Ago 18,98.71,-0.037539,-0.013985,97.98,-0.035155,-0.029517,99.61,-0.041751,0.001911,95.19,-0.060687,101.2,0.00847,98.64,-0.009241,106.04,0.076548,92.03,-0.085189,100.64,0.013903,98.42,0.013281,101.17,0.016886,101.29,-0.015359,0.020932,97.21,-0.024192,0.010152,92.92,-0.065943,0.041031,101.93,0.021547,-0.022626,106.02,-0.005721,0.033753
Sep 18,101.7,0.030291,0.017203,101.1,0.031843,-0.020444,103.43,0.03835,0.073928,100.85,-0.020303,101.31,-0.015834,101.85,0.041411,103.37,0.001744,100.37,0.085316,104.45,0.098664,97.1,0.013253,105.1,0.10585,101.29,-0.002953,0.018162,102.83,-0.032643,0.005037,103.28,-0.062199,0.028106,102.33,0.002547,-0.019772,99.51,0.034945,0.033886
Oct 18,102.02,0.003147,0.02543,101.0,-0.000989,-0.01473,101.63,-0.017403,0.067094,101.16,0.003771,100.86,-0.033353,99.67,0.0336,97.57,-0.01762,101.18,0.089245,102.25,0.088345,122.01,0.294124,100.86,0.067302,105.63,0.036096,0.020031,101.28,-0.015743,0.002882,97.61,0.010769,0.02639,105.33,-0.041322,-0.022116,110.67,0.097372,0.040546
Nov 18,95.9,-0.059988,-0.035987,94.9,-0.060396,-0.064472,96.85,-0.047033,-0.006259,93.53,-0.066846,97.25,-0.056192,94.71,-0.044299,90.02,-0.09034,99.42,0.000201,98.39,0.021067,99.41,0.102106,98.12,0.012172,100.33,-0.046927,0.013524,97.48,-0.070823,-0.004165,92.64,-0.06547,0.017922,102.82,-0.075941,-0.027457,103.62,-0.019493,0.0346
Dic 18,94.76,-0.011887,-0.076863,98.41,0.036986,-0.070903,89.87,-0.07207,-0.093413,100.09,-0.05397,96.72,-0.091063,93.96,-0.095756,90.76,-0.152093,98.14,-0.015647,88.75,-0.091421,88.19,-0.17564,88.86,-0.083256,102.1,-0.092364,0.003563,107.35,-0.080986,-0.011557,105.51,-0.052107,0.011352,109.38,-0.109718,-0.035579,96.02,-0.106708,0.021668
Ene 19,99.2,0.046855,-0.012247,101.81,0.034549,0.006724,96.56,0.074441,-0.028474,105.21,0.049058,97.61,-0.043414,95.82,-0.016727,97.16,-0.019576,93.12,-0.013768,95.66,-0.035685,100.46,0.064195,94.99,-0.049625,96.26,0.002708,0.002708,98.66,0.025572,0.025572,103.36,0.080268,0.080268,93.49,-0.033995,-0.033995,93.48,-0.023911,-0.023911
Feb 19,98.43,-0.007762,-0.030819,100.34,-0.014439,-0.018776,96.16,-0.004143,-0.047072,101.27,-0.041911,98.86,0.007542,98.35,-0.024015,97.52,-0.053296,98.78,0.013232,93.5,-0.067332,95.05,0.052952,93.46,-0.077576,92.84,-0.027446,-0.012326,99.12,-0.020166,0.002128,101.51,-0.052283,0.010257,96.49,0.019979,-0.007315,85.57,-0.037025,-0.030223
Mar 19,96.72,-0.017373,-0.052044,98.43,-0.019035,-0.024576,94.89,-0.013207,-0.082035,99.54,-0.010045,97.33,-0.040327,98.02,-0.0709,99.64,-0.070696,94.92,-0.075124,91.66,-0.102516,93.54,-0.142464,91.5,-0.093431,95.26,-0.010183,-0.011609,97.09,0.012303,0.005456,99.9,0.029154,0.016374,94.0,-0.006762,-0.007132,93.13,-0.036121,-0.032249
Abr 19,98.03,0.013544,-0.021071,99.99,0.015849,0.002808,95.5,0.006428,-0.04871,101.85,0.020643,96.96,-0.020705,99.21,0.000605,100.19,0.008861,100.63,0.012069,92.37,-0.081353,88.24,-0.157613,92.75,-0.069149,94.63,-0.038508,-0.018466,97.87,-0.012412,0.000943,105.23,-0.004447,0.010948,89.76,-0.022542,-0.010877,90.88,-0.069139,-0.041755
May 19,95.03,-0.030603,-0.070793,95.84,-0.041504,-0.05947,93.69,-0.018953,-0.086397,95.51,-0.051257,96.98,-0.065253,95.34,-0.116322,97.87,-0.090681,93.23,-0.150292,92.69,-0.059844,95.34,0.041057,92.18,-0.071328,94.67,-0.064618,-0.028051,94.15,-0.056708,-0.010748,96.86,-0.036602,0.001502,91.15,-0.079293,-0.025081,95.28,-0.073422,-0.048515
Jun 19,95.52,0.005156,-0.06261,100.4,0.047579,-0.01559,91.13,-0.027324,-0.108666,101.37,-0.003441,98.81,-0.028321,96.33,-0.08047,97.92,-0.064846,94.63,-0.099705,88.97,-0.119719,88.29,-0.148109,87.86,-0.123066,92.34,-0.079086,-0.03676,97.15,-0.02352,-0.012896,97.46,-0.015953,-0.001355,96.8,-0.031903,-0.026264,86.78,-0.142321,-0.064798
Jul 19,94.37,-0.012039,-0.079856,96.59,-0.037948,-0.048843,91.67,0.005926,-0.118134,97.59,-0.047066,95.16,-0.052946,96.3,-0.063776,92.91,-0.126293,101.46,0.013182,88.31,-0.154524,95.98,-0.041638,87.5,-0.167143,94.78,-0.068501,-0.041445,96.26,-0.057937,-0.019529,97.23,-0.055286,-0.009194,95.19,-0.060872,-0.031436,93.07,-0.080881,-0.067178
Ago 19,94.95,0.006146,-0.038091,96.38,-0.002174,-0.01633,93.71,0.022254,-0.059231,97.13,0.02038,95.87,-0.052668,97.4,-0.012571,89.89,-0.152301,105.93,0.151038,92.35,-0.082373,90.64,-0.079049,92.36,-0.087081,97.26,-0.039787,-0.041232,97.52,0.003189,-0.016737,97.09,0.044877,-0.002921,97.99,-0.038654,-0.032379,96.97,-0.085361,-0.069618
Sep 19,93.8,-0.012112,-0.077679,94.21,-0.022515,-0.06815,93.44,-0.002881,-0.096587,95.21,-0.055925,93.18,-0.080249,97.98,-0.037997,93.17,-0.098675,102.76,0.023812,89.59,-0.142269,81.16,-0.164161,90.37,-0.140152,92.53,-0.086484,-0.046371,94.44,-0.081591,-0.024198,93.82,-0.091596,-0.013049,95.14,-0.070263,-0.036772,90.32,-0.092353,-0.072161
Oct 19,94.09,0.003092,-0.07773,92.44,-0.018788,-0.084752,95.29,0.019799,-0.062383,96.45,-0.04656,88.42,-0.123339,97.76,-0.019163,88.42,-0.093779,105.59,0.043586,92.85,-0.091932,86.24,-0.293173,94.36,-0.064446,96.7,-0.08454,-0.050413,92.03,-0.091331,-0.03103,92.66,-0.050712,-0.016719,91.34,-0.132821,-0.047014,102.11,-0.077347,-0.072735
Nov 19,94.39,0.003188,-0.015746,94.96,0.027261,0.000632,93.76,-0.016056,-0.031905,101.6,0.086282,88.63,-0.088638,100.96,0.065991,98.73,0.096756,102.97,0.035707,87.7,-0.108649,85.81,-0.136807,88.06,-0.102528,98.03,-0.022924,-0.047901,97.54,0.000616,-0.028207,102.31,0.104383,-0.006469,92.29,-0.102412,-0.052237,98.58,-0.048639,-0.070473
Dic 19,92.76,-0.017269,-0.021106,93.56,-0.014743,-0.049284,91.0,-0.029437,0.012574,100.06,-0.0003,86.7,-0.103598,97.26,0.035121,93.34,0.028427,100.66,0.025678,86.57,-0.024563,91.5,0.037533,86.32,-0.028584,99.08,-0.029579,-0.046342,100.78,-0.061202,-0.031158,105.08,-0.004075,-0.006258,96.04,-0.12196,-0.058592,97.11,0.011352,-0.063926
Ene 20,91.91,-0.009163,-0.073488,92.97,-0.006306,-0.086828,90.47,-0.005824,-0.06307,97.99,-0.068625,88.17,-0.096711,96.07,0.002609,90.03,-0.073384,102.74,0.103308,85.31,-0.108196,83.7,-0.166833,85.83,-0.096431,89.8,-0.06711,-0.06711,91.06,-0.077032,-0.077032,96.44,-0.06695,-0.06695,85.13,-0.089421,-0.089421,88.34,-0.054985,-0.054985
Feb 20,89.51,-0.026113,-0.090623,91.08,-0.020329,-0.092286,87.44,-0.033492,-0.090682,93.37,-0.078009,88.09,-0.108942,96.13,-0.022572,92.73,-0.049118,99.9,0.011338,80.6,-0.137968,89.1,-0.062599,79.77,-0.14648,85.52,-0.078845,-0.072871,89.38,-0.098265,-0.087673,91.67,-0.096936,-0.081808,86.85,-0.099907,-0.094747,81.04,-0.052939,-0.054007
Mar 20,86.86,-0.029606,-0.101944,91.18,0.001098,-0.073656,81.7,-0.065645,-0.139003,95.42,-0.04139,85.32,-0.123395,89.74,-0.084473,81.83,-0.178743,97.83,0.030657,74.88,-0.183068,70.65,-0.244708,75.61,-0.173661,86.62,-0.090699,-0.078844,90.38,-0.069111,-0.081561,96.3,-0.036036,-0.066804,83.87,-0.107766,-0.099056,82.27,-0.116611,-0.075428
Abr 20,60.75,-0.300599,-0.380292,63.4,-0.304672,-0.365937,57.67,-0.294125,-0.396126,50.58,-0.503387,78.25,-0.192966,50.73,-0.48866,36.04,-0.640283,67.35,-0.330716,63.0,-0.31796,39.23,-0.555417,65.66,-0.292075,59.81,-0.367959,-0.151033,63.25,-0.353735,-0.149386,53.28,-0.493681,-0.176366,74.21,-0.17324,-0.116873,55.82,-0.385783,-0.153115
May 20,59.87,-0.014486,-0.369988,64.01,0.009621,-0.332116,55.16,-0.043523,-0.41125,56.27,-0.410847,74.17,-0.235203,52.38,-0.450598,41.59,-0.575049,63.48,-0.319103,57.41,-0.380624,24.47,-0.74334,62.08,-0.326535,58.78,-0.379106,-0.196618,63.15,-0.329262,-0.184169,58.04,-0.400785,-0.219252,68.79,-0.24531,-0.142055,53.72,-0.436188,-0.211961
Jun 20,73.02,0.219643,-0.235553,75.44,0.178566,-0.248606,70.93,0.285896,-0.221661,75.23,-0.257867,75.91,-0.231758,74.01,-0.231704,60.88,-0.378268,87.96,-0.070485,70.08,-0.212319,39.29,-0.554989,72.98,-0.16936,71.79,-0.222547,-0.200848,72.15,-0.257334,-0.196339,71.03,-0.271188,-0.227628,73.39,-0.241839,-0.159252,71.37,-0.177575,-0.206487
Jul 20,74.86,0.025199,-0.206739,75.46,0.000265,-0.21876,74.16,0.045538,-0.191011,73.85,-0.243263,76.72,-0.193779,80.82,-0.160748,76.36,-0.178129,86.73,-0.14518,69.68,-0.210961,70.62,-0.264222,69.75,-0.202857,74.92,-0.209538,-0.202094,74.57,-0.225327,-0.200441,73.1,-0.248174,-0.230475,76.19,-0.199601,-0.165099,75.33,-0.190609,-0.204171
Ago 20,77.52,0.035533,-0.18357,80.95,0.072754,-0.160095,73.64,-0.007012,-0.214171,87.05,-0.103778,74.55,-0.222384,80.91,-0.169302,74.02,-0.176549,89.11,-0.158784,69.57,-0.24667,59.85,-0.339695,70.68,-0.234734,78.61,-0.191754,-0.200768,83.37,-0.145098,-0.193502,89.58,-0.077351,-0.21186,76.53,-0.219002,-0.172096,73.11,-0.246055,-0.209696
Sep 20,79.79,0.029283,-0.14936,79.73,-0.015071,-0.153699,80.29,0.090304,-0.140732,83.42,-0.123832,76.11,-0.183194,90.24,-0.078996,75.12,-0.193732,105.26,0.024329,72.01,-0.196227,67.33,-0.170404,72.88,-0.193538,78.92,-0.147087,-0.194928,78.8,-0.165608,-0.190482,79.71,-0.150394,-0.205399,77.81,-0.182153,-0.173221,79.06,-0.124668,-0.200392
Oct 20,80.59,0.010026,-0.14348,82.58,0.035746,-0.106664,78.13,-0.026902,-0.180082,88.18,-0.085744,77.08,-0.128252,85.84,-0.121931,75.53,-0.145781,95.48,-0.095748,72.25,-0.221863,70.55,-0.181934,72.59,-0.230712,81.68,-0.155326,-0.190885,82.1,-0.1079,-0.182601,84.58,-0.087201,-0.194281,79.36,-0.131158,-0.16914,81.2,-0.204779,-0.200875
Nov 20,85.53,0.061298,-0.093866,87.42,0.05861,-0.079402,83.17,0.064508,-0.112948,95.82,-0.05689,78.36,-0.115875,87.98,-0.128566,76.87,-0.221412,99.0,-0.038555,79.1,-0.098062,68.23,-0.204871,80.63,-0.084374,88.0,-0.102316,-0.182579,90.35,-0.073713,-0.172598,98.27,-0.039488,-0.179717,81.64,-0.115397,-0.164342,85.27,-0.135017,-0.194549
Dic 20,82.82,-0.031685,-0.107158,82.5,-0.05628,-0.118213,82.4,-0.009258,-0.094505,88.64,-0.114132,76.23,-0.120761,86.94,-0.106107,77.2,-0.172916,97.8,-0.028412,78.92,-0.088368,63.46,-0.306448,81.54,-0.055375,89.16,-0.100121,-0.17544,88.01,-0.126712,-0.168621,92.0,-0.124477,-0.17485,83.62,-0.129321,-0.161364,90.5,-0.068067,-0.183614
Ene 21,83.67,0.010263,-0.089653,83.07,0.006909,-0.106486,84.5,0.025485,-0.065989,87.84,-0.103582,79.55,-0.097766,86.37,-0.100968,77.29,-0.141508,96.72,-0.058595,82.52,-0.032704,67.85,-0.189367,84.66,-0.013632,80.17,-0.107238,-0.107238,81.66,-0.103229,-0.103229,85.59,-0.112505,-0.112505,77.34,-0.091507,-0.091507,78.44,-0.112067,-0.112067
Feb 21,85.78,0.025218,-0.041671,86.76,0.04442,-0.047431,84.44,-0.00071,-0.034309,90.87,-0.026775,81.85,-0.070837,85.43,-0.111308,76.26,-0.177612,95.31,-0.045946,83.1,0.031017,68.48,-0.231425,85.3,0.069324,81.18,-0.050748,-0.079683,84.49,-0.05471,-0.079195,87.59,-0.044507,-0.079368,81.08,-0.066436,-0.078846,77.34,-0.045656,-0.080293
Mar 21,87.52,0.020284,0.007598,85.82,-0.010834,-0.058785,88.88,0.052582,0.087882,85.56,-0.103333,84.48,-0.009845,90.61,0.009695,79.84,-0.024319,102.24,0.045078,86.79,0.159054,76.22,0.078839,88.19,0.16638,89.23,0.030132,-0.043369,85.43,-0.054769,-0.071043,87.09,-0.095639,-0.084877,83.61,-0.0031,-0.054016,93.64,0.138203,-0.008862
Abr 21,87.47,-0.000571,0.439835,87.29,0.017129,0.376814,87.33,-0.017439,0.514306,87.02,0.720443,86.39,0.104026,91.89,0.811354,78.51,1.178413,107.07,0.589755,83.93,0.332222,64.34,0.640071,86.02,0.310082,86.74,0.450259,0.048392,87.79,0.387984,0.015865,92.43,0.734797,0.044449,82.67,0.114001,-0.016239,85.52,0.532067,0.089342
May 21,86.94,-0.006059,0.452146,87.94,0.007446,0.373848,85.55,-0.020382,0.550943,88.8,0.578106,86.9,0.171633,88.27,0.685185,78.06,0.876893,98.81,0.556553,84.37,0.469605,66.9,1.73396,86.06,0.386276,85.92,0.461722,0.112238,87.51,0.385748,0.074669,94.05,0.620434,0.128926,80.31,0.167466,0.015444,84.09,0.565339,0.160137
Jun 21,84.16,-0.031976,0.152561,84.15,-0.043098,0.115456,85.35,-0.002338,0.203299,85.13,0.131596,84.13,0.108286,86.54,0.169301,76.54,0.257227,97.21,0.105161,85.3,0.21718,67.33,0.713668,87.03,0.192518,82.63,0.150996,0.11839,79.49,0.101733,0.078829,78.72,0.108264,0.125782,80.35,0.094836,0.027782,86.26,0.208631,0.168139
Jul 21,87.09,0.034815,0.163372,86.85,0.032086,0.150941,88.18,0.033158,0.189051,86.8,0.175355,86.44,0.126694,88.72,0.097748,75.39,-0.012703,104.39,0.20362,88.69,0.272819,69.16,-0.020674,90.9,0.303226,86.38,0.152963,0.123302,85.11,0.141344,0.087399,85.24,0.166074,0.131238,84.96,0.115107,0.039914,87.86,0.166335,0.167871
Ago 21,88.33,0.014238,0.139448,90.91,0.046747,0.123039,85.19,-0.033908,0.156844,91.61,0.052384,90.35,0.211938,84.47,0.044,74.96,0.012699,95.32,0.069689,86.24,0.239615,70.49,0.177778,88.58,0.253254,90.46,0.150744,0.126863,94.78,0.13686,0.093973,96.09,0.072672,0.122903,93.34,0.219652,0.061924,85.44,0.16865,0.167969
Sep 21,87.77,-0.00634,0.100013,90.06,-0.00935,0.129562,85.22,0.000352,0.061402,90.47,0.084512,89.86,0.18066,84.99,-0.058178,73.05,-0.027556,97.86,-0.070302,85.08,0.181503,62.71,-0.068617,88.13,0.209248,85.98,0.089458,0.122552,88.68,0.125381,0.097478,85.83,0.076778,0.117718,91.83,0.180182,0.075017,82.84,0.047812,0.153577
Oct 21,87.88,0.001253,0.090458,88.14,-0.021319,0.067329,87.75,0.029688,0.123128,85.35,-0.032093,91.04,0.181111,88.44,0.030289,73.93,-0.021184,102.6,0.074571,86.52,0.197509,59.22,-0.160595,90.6,0.248106,87.82,0.075171,0.117503,88.13,0.073447,0.094975,82.69,-0.022346,0.102793,94.13,0.186114,0.08629,87.46,0.077094,0.145199
Nov 21,88.6,0.008193,0.035894,88.45,0.003517,0.011782,88.41,0.007521,0.063003,87.28,-0.089125,89.3,0.139612,86.1,-0.021368,69.1,-0.10108,102.84,0.038788,89.64,0.133249,74.26,0.088378,91.74,0.13779,92.33,0.049205,0.110469,92.02,0.018484,0.087108,90.69,-0.077134,0.082971,93.49,0.145149,0.091853,92.7,0.087135,0.139208
Dic 21,88.7,0.001129,0.070997,87.36,-0.012323,0.058909,89.35,0.010632,0.084345,86.21,-0.027414,89.24,0.170668,85.1,-0.021164,70.5,-0.086788,101.99,0.042843,92.11,0.167131,75.18,0.184683,95.5,0.171204,95.18,0.067519,0.10641,92.64,0.052608,0.083967,87.48,-0.04913,0.07062,98.33,0.175915,0.099273,98.12,0.084199,0.13378
Ene 22,91.43,0.030778,0.092745,92.1,0.054258,0.108704,90.37,0.011416,0.069467,83.89,-0.044968,104.02,0.307605,90.39,0.046544,77.38,0.001164,105.66,0.092432,90.91,0.101672,67.24,-0.00899,93.38,0.103,87.37,0.089809,0.089809,90.51,0.108376,0.108376,80.59,-0.058418,-0.058418,101.44,0.311611,0.311611,83.73,0.06744,0.06744
Feb 22,91.29,-0.001531,0.064234,90.28,-0.019761,0.040572,92.42,0.022685,0.094505,86.68,-0.04611,93.88,0.146976,91.21,0.067658,76.5,0.003147,106.75,0.120029,93.02,0.119374,75.33,0.100029,95.39,0.118288,86.28,0.062823,0.076232,86.41,0.022725,0.064821,81.05,-0.074666,-0.066636,92.32,0.138629,0.223078,86.12,0.113525,0.09032
Mar 22,94.48,0.034944,0.079525,94.27,0.044196,0.098462,94.77,0.025427,0.066269,87.55,0.023259,99.78,0.181108,92.79,0.024059,78.64,-0.01503,107.77,0.054088,95.88,0.104736,69.74,-0.085017,98.99,0.122463,97.01,0.08719,0.080134,94.22,0.102891,0.077749,90.55,0.039729,-0.031045,98.27,0.175338,0.206586,100.23,0.070376,0.082832
Abr 22,94.54,0.000635,0.080828,94.19,-0.000849,0.079047,94.78,0.000106,0.085309,90.06,0.034934,97.48,0.128371,89.56,-0.025356,81.52,0.038339,98.97,-0.075651,98.9,0.178363,80.02,0.243705,101.03,0.174494,93.05,0.072746,0.078234,94.43,0.075635,0.077202,96.14,0.040138,-0.01239,92.55,0.119511,0.184416,91.46,0.069457,0.079417
May 22,93.62,-0.009731,0.076835,89.16,-0.053403,0.013873,98.16,0.035662,0.147399,83.85,-0.055743,94.95,0.092635,95.61,0.083154,82.76,0.06021,108.05,0.093513,100.33,0.189167,81.41,0.216891,102.34,0.18917,93.79,0.091597,0.080947,89.88,0.027083,0.066927,91.78,-0.024136,-0.014863,87.8,0.093264,0.166342,98.32,0.169223,0.097439
Jun 22,93.01,-0.006516,0.105157,89.66,0.005608,0.065478,97.81,-0.003566,0.145987,85.01,-0.00141,95.58,0.136099,95.42,0.102612,81.45,0.064149,111.13,0.143195,99.78,0.169754,78.76,0.169761,101.71,0.168677,91.05,0.1019,0.08437,83.98,0.056485,0.065288,77.38,-0.017022,-0.015186,91.25,0.135657,0.161262,99.24,0.150475,0.106493
Jul 22,92.01,-0.010752,0.056493,89.7,0.000446,0.032815,95.46,-0.024026,0.082558,83.32,-0.040092,96.35,0.114646,90.08,0.015329,79.67,0.056771,102.04,-0.022512,99.61,0.123125,81.43,0.177415,102.77,0.130583,90.0,0.041908,0.078176,88.29,0.037363,0.06127,82.6,-0.030971,-0.01739,94.56,0.112994,0.154071,91.98,0.046893,0.097665
Ago 22,94.17,0.023476,0.066116,89.29,-0.004571,-0.01782,99.58,0.043159,0.168917,85.18,-0.070189,94.33,0.044051,95.19,0.126909,86.99,0.160486,105.67,0.108582,102.8,0.192022,98.26,0.393957,103.77,0.171483,97.78,0.08092,0.07854,92.73,-0.021629,0.049821,87.91,-0.085129,-0.026599,98.04,0.050354,0.139484,103.62,0.212781,0.112159
Sep 22,93.62,-0.005841,0.066651,88.71,-0.006496,-0.01499,99.27,-0.003113,0.164867,81.39,-0.100365,96.72,0.076341,92.45,0.087775,79.83,0.092813,106.15,0.084713,103.92,0.221439,104.74,0.670228,104.35,0.184046,91.43,0.063387,0.076845,87.32,-0.015336,0.042365,77.08,-0.101946,-0.034758,98.61,0.073832,0.131504,96.19,0.161154,0.117489
Oct 22,94.45,0.008866,0.074761,88.21,-0.005636,0.000794,101.73,0.024781,0.159316,79.9,-0.063855,96.93,0.064697,96.92,0.095884,80.53,0.089274,113.7,0.108187,105.37,0.217869,101.45,0.713104,105.67,0.166336,94.95,0.081189,0.07729,89.38,0.014184,0.039487,79.12,-0.043173,-0.035553,100.68,0.069585,0.124644,101.39,0.159273,0.121794
Nov 22,96.42,0.020858,0.088262,92.59,0.049654,0.046806,100.95,-0.007667,0.141839,83.73,-0.040674,102.01,0.142329,97.14,0.128223,81.44,0.178582,111.81,0.087223,102.94,0.148371,97.79,0.31686,104.06,0.134293,100.63,0.089895,0.078517,97.12,0.055423,0.041022,87.54,-0.034734,-0.035476,107.66,0.151567,0.127313,104.69,0.129342,0.122537
Dic 22,99.97,0.036818,0.127057,93.02,0.004644,0.064789,107.59,0.065775,0.204141,85.89,-0.003712,101.27,0.134805,106.98,0.257109,97.92,0.388936,117.52,0.15227,108.18,0.174465,104.86,0.394786,108.88,0.140105,106.57,0.119668,0.082269,98.73,0.065738,0.043208,85.28,-0.025149,-0.034618,113.53,0.154582,0.129887,115.66,0.178761,0.127843
Ene 23,100.55,0.005802,0.099748,94.18,0.01247,0.022584,108.02,0.003997,0.195308,84.82,0.011086,106.35,0.0224,109.17,0.207766,102.48,0.324373,117.28,0.109975,107.48,0.182268,105.67,0.571535,107.58,0.152067,96.04,0.099233,0.099233,91.75,0.0137,0.0137,81.43,0.010423,0.010423,103.12,0.016562,0.016562,101.0,0.206258,0.206258
Feb 23,102.24,0.016808,0.119947,95.93,0.018581,0.062583,109.67,0.015275,0.186648,83.85,-0.032649,108.75,0.158394,106.8,0.170924,97.31,0.272026,116.97,0.095738,111.71,0.200925,111.88,0.485198,111.54,0.169305,96.57,0.119263,0.109185,90.57,0.048143,0.030522,76.79,-0.05256,-0.021158,105.76,0.145581,0.078035,103.51,0.201928,0.204062
Mar 23,102.64,0.003912,0.086367,96.16,0.002398,0.020049,109.33,-0.0031,0.153635,87.97,0.004797,104.75,0.04981,106.54,0.148184,98.48,0.252289,114.89,0.066067,111.09,0.158636,126.73,0.817178,108.78,0.098899,105.48,0.087311,0.101345,96.07,0.019635,0.026739,91.86,0.014467,-0.008367,100.7,0.024728,0.060097,116.38,0.161129,0.188129
Abr 23,102.83,0.001851,0.087688,95.44,-0.007488,0.013271,112.21,0.026342,0.1839,83.59,-0.071841,108.13,0.109253,110.05,0.228785,103.2,0.265947,117.78,0.190058,114.73,0.160061,121.21,0.514746,113.43,0.122736,98.8,0.061795,0.091227,94.28,-0.001588,0.019422,87.75,-0.087269,-0.030144,101.47,0.09638,0.068828,104.04,0.137546,0.175333
May 23,106.08,0.031606,0.133091,99.4,0.041492,0.11485,113.04,0.007397,0.151589,84.47,0.007394,116.79,0.230016,108.27,0.132413,102.78,0.241904,112.53,0.041462,116.44,0.16057,127.11,0.561356,114.67,0.120481,108.66,0.158546,0.105027,101.53,0.129617,0.041168,95.2,0.037263,-0.016087,108.5,0.235763,0.099856,116.91,0.189076,0.178272
Jun 23,108.42,0.022059,0.165681,103.11,0.037324,0.150011,114.8,0.01557,0.173704,86.35,0.015763,120.99,0.265851,105.77,0.108468,104.14,0.278576,108.43,-0.024296,120.51,0.207757,145.01,0.841163,117.1,0.151313,105.76,0.16156,0.114411,96.45,0.148488,0.057876,78.02,0.008271,-0.012445,116.74,0.279342,0.128914,116.54,0.174325,0.177571
Jul 23,106.2,-0.020476,0.154222,102.15,-0.00931,0.138796,111.1,-0.03223,0.163838,85.68,0.028325,120.29,0.248469,106.95,0.187278,106.68,0.339023,108.74,0.065661,114.93,0.1538,118.82,0.459167,114.56,0.114722,104.42,0.160222,0.120868,101.56,0.1503,0.070876,86.33,0.045157,-0.004516,118.33,0.251375,0.146508,107.72,0.171124,0.17666
Ago 23,108.16,0.018456,0.148561,105.14,0.029271,0.177511,111.74,0.005761,0.122113,86.42,0.014557,125.68,0.332344,106.12,0.114823,103.24,0.186803,109.84,0.039462,115.76,0.12607,131.58,0.3391,113.78,0.096463,111.82,0.143588,0.123885,108.25,0.167368,0.083295,86.32,-0.018087,-0.00625,132.4,0.350469,0.17295,115.95,0.118992,0.168743
Sep 23,111.16,0.027737,0.187353,108.09,0.028058,0.218465,114.87,0.028011,0.157147,87.78,0.078511,129.71,0.341088,109.29,0.182153,108.41,0.358011,111.03,0.045973,119.14,0.146459,145.06,0.384953,116.09,0.112506,108.14,0.182763,0.130388,106.17,0.215873,0.097627,83.01,0.076933,0.00213,131.67,0.33526,0.191673,110.42,0.147936,0.16639
Oct 23,113.06,0.017092,0.197035,112.79,0.043482,0.278653,113.17,-0.014799,0.112455,93.58,0.171214,133.38,0.376045,108.02,0.114527,106.21,0.318887,108.62,-0.044679,116.52,0.105818,144.43,0.423657,113.01,0.069462,115.74,0.218957,0.139502,116.37,0.301969,0.117985,95.94,0.212588,0.021855,138.86,0.379221,0.211435,115.02,0.134431,0.162988
Nov 23,110.14,-0.025827,0.142294,108.49,-0.038124,0.171725,111.85,-0.011664,0.107974,86.86,0.037382,132.24,0.296343,105.2,0.082973,102.36,0.256876,106.55,-0.047044,116.98,0.13639,138.78,0.419164,113.79,0.093504,115.41,0.146875,0.140227,114.64,0.180395,0.124081,91.78,0.048435,0.024352,139.83,0.298811,0.220283,116.3,0.110899,0.157829
Dic 23,111.64,0.013619,0.116735,110.98,0.022951,0.193077,112.84,0.008851,0.048796,86.09,0.002329,136.42,0.347092,107.14,0.001496,103.2,0.053922,111.33,-0.052672,117.02,0.081716,126.44,0.205798,115.86,0.064107,117.15,0.099277,0.136365,118.14,0.196597,0.130631,83.79,-0.017472,0.020845,155.97,0.373822,0.235096,116.0,0.00294,0.142551
Ene 24,112.51,0.007793,0.118946,110.1,-0.007929,0.169038,114.99,0.019054,0.064525,91.83,0.082646,131.41,0.235637,108.99,-0.001649,105.06,0.025176,114.62,-0.022681,119.44,0.111277,163.06,0.543106,114.6,0.065254,108.07,0.12526,0.12526,105.8,0.153134,0.153134,87.79,0.078104,0.078104,125.63,0.218289,0.218289,110.69,0.095941,0.095941
Feb 24,112.44,-0.000622,0.099765,106.93,-0.028792,0.114667,118.16,0.027568,0.077414,84.65,0.009541,130.93,0.203954,109.25,0.02294,107.5,0.104717,111.74,-0.044712,124.98,0.11879,160.51,0.434662,120.19,0.077551,107.22,0.110283,0.117751,99.24,0.095727,0.124616,75.91,-0.01146,0.034635,124.92,0.181165,0.199493,116.48,0.125302,0.110801
Mar 24,111.83,-0.005425,0.089536,107.37,0.004115,0.116577,117.67,-0.004147,0.076283,86.46,-0.017165,131.41,0.254511,109.65,0.029191,112.89,0.146324,106.42,-0.073723,124.36,0.119453,157.01,0.238933,120.56,0.108292,106.5,0.00967,0.079506,103.21,0.074321,0.10726,87.21,-0.050621,0.003319,120.82,0.199801,0.199593,110.31,-0.052157,0.0517
Abr 24,112.34,0.00456,0.092483,107.8,0.004005,0.129505,116.79,-0.007479,0.040816,89.5,0.070702,128.21,0.185702,108.51,-0.013994,110.54,0.071124,107.05,-0.091102,122.01,0.063453,158.96,0.311443,116.8,0.02971,115.47,0.168725,0.101716,109.43,0.160692,0.120777,96.65,0.101425,0.028801,123.5,0.217109,0.203917,122.46,0.177047,0.08239
May 24,112.02,-0.002848,0.055995,109.74,0.017996,0.104024,114.57,-0.019008,0.013535,92.97,0.100627,129.31,0.107201,104.04,-0.039069,101.52,-0.012259,104.41,-0.072159,122.15,0.049038,174.47,0.372591,115.25,0.005058,115.39,0.061936,0.093166,113.37,0.116616,0.119886,106.88,0.122689,0.049442,120.5,0.110599,0.184429,117.73,0.007014,0.066127
Jun 24,111.06,-0.00857,0.02435,106.69,-0.027793,0.03472,117.4,0.024701,0.022648,86.05,-0.003474,127.98,0.057773,111.14,0.050771,111.7,0.072595,111.52,0.028498,121.54,0.008547,154.61,0.066202,116.79,-0.002647,106.14,0.003593,0.077669,100.36,0.040539,0.106475,77.85,-0.002179,0.041561,125.15,0.07204,0.163809,112.84,-0.031749,0.048802
Jul 24,113.14,0.018729,0.065348,110.56,0.036273,0.08233,114.7,-0.022998,0.032403,91.22,0.064659,131.63,0.094272,111.23,0.040019,114.42,0.072553,108.77,0.000276,116.8,0.016271,163.97,0.379987,111.33,-0.028195,114.65,0.09797,0.080631,111.58,0.098661,0.105294,94.41,0.093594,0.049081,130.48,0.102679,0.154223,118.2,0.097289,0.055619
Ago 24,112.34,-0.007071,0.038646,107.56,-0.027135,0.023017,117.82,0.027201,0.054412,86.46,0.000463,130.29,0.03668,111.63,0.051922,110.76,0.07284,113.1,0.02968,123.12,0.06358,160.66,0.221006,117.68,0.034277,114.91,0.027634,0.07347,109.72,0.01358,0.092574,83.63,-0.031163,0.03895,138.45,0.045695,0.138024,120.92,0.042863,0.053943
Sep 24,110.86,-0.013174,-0.002699,108.68,0.010413,0.005458,113.18,-0.039382,-0.014712,93.51,0.065277,125.19,-0.034847,109.54,0.002287,112.53,0.038004,106.68,-0.039179,116.1,-0.025516,157.14,0.083276,110.65,-0.04686,106.77,-0.012669,0.063515,105.89,-0.002637,0.081173,87.67,0.056138,0.040811,125.95,-0.043442,0.114569,107.79,-0.023818,0.045291
Oct 24,109.22,-0.014793,-0.033964,103.63,-0.046467,-0.081213,115.81,0.023237,0.023328,87.92,-0.060483,121.21,-0.091243,108.04,0.000185,109.76,0.033424,104.97,-0.033603,121.51,0.042825,156.68,0.084816,116.98,0.03513,114.33,-0.012182,0.055182,107.74,-0.07416,0.063151,91.53,-0.045966,0.03116,125.59,-0.095564,0.089361,121.97,0.060424,0.046863
Nov 24,109.72,0.004578,-0.003813,103.31,-0.003088,-0.047746,117.18,0.01183,0.047653,90.92,0.046742,117.38,-0.112371,111.26,0.057605,112.63,0.100332,108.38,0.017175,121.64,0.039836,161.41,0.163064,116.25,0.021619,115.25,-0.001386,0.049587,110.1,-0.039602,0.052611,97.25,0.059599,0.033895,124.25,-0.111421,0.067721,121.22,0.042304,0.04643
Dic 24,106.05,-0.033449,-0.050072,101.16,-0.020811,-0.088484,112.1,-0.043352,-0.006558,87.33,0.014404,115.99,-0.149758,105.19,-0.0182,106.89,0.035756,102.75,-0.077068,117.05,0.000256,157.77,0.247786,110.59,-0.045486,111.9,-0.044814,0.040974,108.17,-0.084391,0.039514,83.88,0.001074,0.031246,134.91,-0.135026,0.045963,116.23,0.001983,0.042581
Ene 25,105.18,-0.008204,-0.06515,100.32,-0.008304,-0.088828,110.92,-0.010526,-0.035394,90.24,-0.017315,111.59,-0.150826,101.98,-0.064318,102.79,-0.021607,101.56,-0.113942,117.14,-0.019257,141.44,-0.132589,114.14,-0.004014,99.97,-0.074951,-0.074951,94.82,-0.103781,-0.103781,85.29,-0.028477,-0.028477,105.33,-0.161586,-0.161586,105.94,-0.042913,-0.042913
Feb 25,106.05,0.008272,-0.05683,102.6,0.022727,-0.040494,110.33,-0.005319,-0.066266,96.26,0.137153,110.1,-0.159093,104.07,-0.047414,106.06,-0.013395,102.49,-0.082781,114.84,-0.081133,148.25,-0.076382,110.52,-0.080456,98.64,-0.080022,-0.077477,94.6,-0.046755,-0.07618,86.6,0.140825,0.050031,103.42,-0.17211,-0.166833,103.31,-0.113067,-0.078884
Mar 25,106.28,0.002169,-0.049629,104.92,0.022612,-0.022818,107.74,-0.023475,-0.084389,100.97,0.167823,109.1,-0.169774,99.9,-0.088919,99.15,-0.121711,101.69,-0.044447,114.0,-0.083307,134.38,-0.144131,110.87,-0.080375,105.87,-0.005915,-0.053793,103.35,0.001356,-0.050219,105.05,0.204564,0.103742,101.47,-0.160156,-0.164661,108.8,-0.013689,-0.057574
Abr 25,102.5,-0.035566,-0.087591,100.02,-0.046702,-0.072171,105.67,-0.019213,-0.095214,89.27,-0.00257,111.18,-0.132829,99.71,-0.081099,94.01,-0.149539,105.79,-0.01177,110.05,-0.098025,145.95,-0.081844,106.33,-0.08964,100.25,-0.131809,-0.074395,98.39,-0.100886,-0.063494,92.01,-0.048008,0.061543,105.43,-0.146316,-0.160082,102.39,-0.16389,-0.085881
May 25,105.0,0.02439,-0.062667,104.33,0.043091,-0.049298,105.97,0.002839,-0.075063,101.21,0.088631,105.06,-0.187534,101.5,-0.024414,94.99,-0.064322,107.34,0.028062,109.49,-0.103643,129.75,-0.256319,107.0,-0.071584,107.78,-0.06595,-0.072632,108.65,-0.041634,-0.058827,117.83,0.102451,0.071165,98.54,-0.182241,-0.164421,106.76,-0.093179,-0.087368
Jun 25,103.03,-0.018762,-0.072303,101.27,-0.02933,-0.050801,104.85,-0.010569,-0.106899,96.55,0.122022,105.86,-0.17284,97.33,-0.124258,93.32,-0.164548,101.79,-0.087249,110.52,-0.09067,131.1,-0.15206,108.07,-0.074664,98.92,-0.068023,-0.071889,95.9,-0.04444,-0.05654,87.74,0.127039,0.079336,104.88,-0.161966,-0.164006,102.41,-0.092432,-0.088196
Jul 25,104.2,0.011356,-0.079017,101.13,-0.001382,-0.085293,107.24,0.022794,-0.065039,94.97,0.041109,106.9,-0.187875,98.28,-0.116425,93.68,-0.181262,103.41,-0.049278,113.84,-0.025342,155.89,-0.049277,107.95,-0.03036,106.74,-0.068993,-0.07146,102.77,-0.078957,-0.059907,99.96,0.058786,0.076241,105.87,-0.188611,-0.167692,111.33,-0.058122,-0.0838
Ago 25,101.76,-0.023417,-0.094178,100.03,-0.010877,-0.070007,103.96,-0.030586,-0.117637,96.25,0.113232,105.4,-0.191035,97.57,-0.125952,95.55,-0.137324,99.37,-0.121397,108.52,-0.118583,135.99,-0.153554,104.95,-0.108175,102.22,-0.110434,-0.076501,101.61,-0.073915,-0.061709,91.92,0.099127,0.078935,112.27,-0.189094,-0.170628,102.94,-0.148693,-0.092241
Sep 25,101.9,0.001376,-0.080823,98.06,-0.019694,-0.097718,105.81,0.017795,-0.065118,92.14,-0.014651,104.94,-0.161754,97.33,-0.111466,93.08,-0.172843,101.82,-0.045557,112.21,-0.033506,132.19,-0.158776,109.96,-0.006236,99.59,-0.067247,-0.075508,94.42,-0.10832,-0.066858,85.19,-0.028288,0.067155,104.59,-0.169591,-0.170513,105.57,-0.020596,-0.084797
Oct 25,102.91,0.009912,-0.057773,102.29,0.043137,-0.012931,103.42,-0.022588,-0.106986,98.77,0.123408,106.69,-0.119792,94.93,-0.121344,90.81,-0.172649,99.39,-0.053158,109.65,-0.097605,136.61,-0.128095,106.22,-0.091982,107.9,-0.056241,-0.073523,106.79,-0.008818,-0.060994,103.82,0.134273,0.074062,110.07,-0.123577,-0.165838,109.17,-0.104944,-0.086916
Nov 25,103.53,0.006025,-0.056416,103.9,0.01574,0.005711,103.35,-0.000677,-0.118024,99.41,0.093379,109.42,-0.067814,94.22,-0.153155,91.06,-0.191512,97.18,-0.10334,110.4,-0.092404,131.27,-0.186729,107.05,-0.07914,107.74,-0.065163,-0.072736,111.27,0.010627,-0.054291,107.18,0.102108,0.076826,115.79,-0.068089,-0.15707,103.66,-0.144861,-0.092401
Dic 25,104.02,0.004733,-0.019142,104.89,0.009528,0.036872,103.34,-9.7e-05,-0.078145,99.63,0.140845,112.19,-0.032761,92.76,-0.118167,89.11,-0.166339,97.16,-0.054404,111.19,-0.050064,152.5,-0.033403,105.12,-0.049462,111.63,-0.002413,-0.066849,112.38,0.03892,-0.046442,94.72,0.129232,0.080931,131.83,-0.02283,-0.145157,110.77,-0.046976,-0.088621
Ene 26,103.1,-0.008844,-0.019776,103.91,-0.009343,0.035785,102.81,-0.005129,-0.073116,97.39,0.079233,111.44,-0.001344,91.43,-0.103452,88.28,-0.141162,94.47,-0.069811,111.38,-0.049172,136.13,-0.037542,107.63,-0.057035,96.74,-0.03231,-0.03231,97.39,0.027104,0.027104,90.91,0.065893,0.065893,104.52,-0.00769,-0.00769,95.99,-0.093921,-0.093921
Feb 26,102.79,-0.003007,-0.03074,104.32,0.003946,0.016764,101.24,-0.015271,-0.082389,98.16,0.019738,111.65,0.014078,90.89,-0.126646,85.64,-0.192533,96.46,-0.058835,108.95,-0.051289,126.23,-0.148533,106.35,-0.037731,94.67,-0.040247,-0.036252,95.65,0.011099,0.019111,88.31,0.019746,0.042644,103.73,0.002997,-0.002395,93.53,-0.094667,-0.094289
Mar 26,103.49,0.00681,-0.026251,102.18,-0.020514,-0.026115,104.59,0.03309,-0.029237,92.76,-0.081311,112.75,0.033456,92.65,-0.072573,86.49,-0.127685,99.98,-0.016816,112.61,-0.012193,143.36,0.066825,108.96,-0.017227,103.31,-0.024181,-0.032055,100.0,-0.032414,0.000922,95.82,-0.087863,-0.006861,104.6,0.030847,0.008478,107.14,-0.015257,-0.067254
Abr 26,107.99,0.043482,0.053561,109.06,0.067332,0.090382,106.96,0.02266,0.012208,104.3,0.168366,113.36,0.019608,89.83,-0.099087,86.92,-0.075418,93.11,-0.11986,119.55,0.086324,144.42,-0.010483,116.79,0.098373,106.31,0.060449,-0.009142,108.56,0.103364,0.02669,108.88,0.18335,0.040575,108.2,0.026273,0.012992,103.71,0.012892,-0.047736
May 26,107.56,-0.003982,0.024381,106.32,-0.025124,0.019074,108.82,0.01739,0.026894,96.04,-0.051082,116.34,0.107367,94.14,-0.072512,90.65,-0.045689,97.71,-0.089715,119.19,0.088593,139.34,0.073911,117.29,0.096168,108.89,0.010299,-0.005054,111.32,0.024574,0.02623,112.5,-0.045235,0.019804,110.01,0.116399,0.032809,106.07,-0.006463,-0.039378
Jun 26,109.0,0.013388,0.057944,109.78,0.032543,0.084033,107.68,-0.010476,0.026991,103.06,0.067426,115.67,0.09267,94.19,-0.032261,92.72,-0.006429,95.85,-0.058355,118.06,0.068223,151.4,0.154844,114.11,0.05589,106.27,0.074302,0.007785,104.3,0.087591,0.036108,93.92,0.070435,0.027536,115.74,0.103547,0.044793,108.55,0.059955,-0.023221
Jul 26,110.49,0.01367,0.060365,108.1,-0.015303,0.068921,112.52,0.044948,0.049235,103.75,0.09245,111.19,0.040131,95.24,-0.030932,92.97,-0.007579,97.89,-0.05338,125.09,0.098823,143.52,-0.079351,123.04,0.139787,113.83,0.066423,0.0165,110.04,0.07074,0.041204,110.51,0.105542,0.039097,109.53,0.034571,0.0433,118.21,0.061798,-0.010446
