periodo,Indicador Coincidente (puntos),Indicador Adelantado (puntos),Dif. mensual Coincidente (puntos),Dif. a 12 meses Coincidente (puntos),Dif. mensual Adelantado (puntos),Dif. a 12 meses Adelantado (puntos),Comp. Coincidente: IGAE (puntos),Comp. Coincidente: Actividad industrial (puntos),Comp. Coincidente: Ingresos por suministro de bienes y servicios al por menor (puntos),Comp. Coincidente: Asegurados permanentes en el IMSS (puntos),"Comp. Coincidente: Tasa de desocupación urbana (serie inversa, puntos)",Comp. Coincidente: Importaciones totales (puntos),Comp. Adelantado: Tendencia del empleo en las manufacturas (puntos),Comp. Adelantado: Momento adecuado para invertir (puntos),Comp. Adelantado: Índice de Precios y Cotizaciones de la BMV real (puntos),"Comp. Adelantado: Tipo de cambio real bilateral con EUA (serie inversa, puntos)","Comp. Adelantado: TIIE (serie inversa, puntos)",Comp. Adelantado: S&P 500 de EUA (puntos)
Ene 80,97.603118,101.159169,,,,,97.077684,98.587173,,97.319694,,96.018538,100.455586,,,101.941389,99.495051,100.015463
Feb 80,97.863741,101.228902,0.260622,,0.069734,,97.248456,98.620119,,97.457849,,96.648679,100.495876,,,101.679166,99.512015,99.905636
Mar 80,98.125994,101.301085,0.262254,,0.072182,,97.428278,98.656039,,97.58938,,97.279504,100.518536,,,101.415867,99.525755,99.815334
Abr 80,98.392891,101.427424,0.266896,,0.126339,,97.611076,98.701128,,97.720654,,97.915756,100.563989,,,101.147129,99.529744,99.82353
May 80,98.678754,101.658225,0.285864,,0.230801,,97.826522,98.769033,,97.861007,,98.558206,100.708463,,,100.867318,99.520536,99.971616
Jun 80,98.997212,101.985866,0.318458,,0.327641,,98.093505,98.871028,,98.023399,,99.214552,100.952213,,,100.572872,99.500668,100.239103
Jul 80,99.35472,102.355221,0.357508,,0.369355,,98.401767,99.018391,,98.217446,,99.898238,101.226189,,,100.267224,99.480832,100.570302
Ago 80,99.750205,102.71111,0.395485,,0.355888,,98.743919,99.22478,,98.445128,,100.597011,101.473115,,,99.963548,99.473626,100.909242
Sep 80,100.1697,102.997656,0.419496,,0.286547,,99.11491,99.474578,,98.696641,,101.289255,101.608758,,,99.667934,99.486984,101.213442
Oct 80,100.595903,103.183349,0.426202,,0.185692,,99.513266,99.753721,,98.961184,,101.936772,101.579974,,,99.37602,99.520907,101.452318
Nov 80,101.004728,103.285278,0.408825,,0.101929,,99.912641,100.041046,,99.231365,,102.504641,101.441421,,,99.081114,99.569898,101.602039
Dic 80,101.384734,103.338473,0.380007,,0.053195,,100.294977,100.321862,,99.519037,,102.971084,101.284557,,,98.780384,99.627321,101.649861
Ene 81,101.7387,103.388908,0.353966,4.135582,0.050435,2.229739,100.670598,100.588009,,99.83847,,103.330031,101.19651,,106.977071,98.480585,99.67873,101.616742
Feb 81,102.062181,103.300361,0.323481,4.198441,-0.088547,2.071459,101.023649,100.838095,,100.187992,,103.583824,101.197183,,106.525836,98.193574,99.712877,101.530638
Mar 81,102.357704,103.235604,0.295523,4.23171,-0.064757,1.93452,101.34911,101.073479,,100.55915,,103.754,101.30155,,106.073473,97.925941,99.727823,101.41783
Abr 81,102.625453,103.179572,0.267749,4.232563,-0.056032,1.752148,101.651244,101.289492,,100.943042,,103.850555,101.483924,,105.614626,97.679798,99.727184,101.267092
May 81,102.863631,103.079526,0.238177,4.184876,-0.100046,1.421301,101.90494,101.48141,,101.330218,,103.906068,101.602641,,105.141018,97.45354,99.719031,101.066914
Jun 81,103.078613,102.928256,0.214983,4.081401,-0.15127,0.94239,102.110513,101.651922,,101.710752,,103.951245,101.630048,,104.658056,97.240665,99.711484,100.818239
Jul 81,103.280199,102.712609,0.201585,3.925479,-0.215647,0.357388,102.284513,101.801915,,102.072578,,104.017258,101.517795,,104.172159,97.03708,99.70883,100.521352
Ago 81,103.468598,102.444822,0.188399,3.718393,-0.267787,-0.266288,102.435834,101.923297,,102.403093,,104.116691,101.294059,,103.685225,96.849934,99.709293,100.190518
Sep 81,103.634446,102.150102,0.165849,3.464746,-0.294719,-0.847554,102.551122,102.008314,,102.68716,,104.250865,101.043878,,103.194708,96.705758,99.706837,99.843949
Oct 81,103.760262,101.839521,0.125815,3.164359,-0.310582,-1.343828,102.623419,102.053854,,102.904778,,104.384649,100.80307,,102.695704,96.647215,99.696804,99.523949
Nov 81,103.812611,101.485891,0.05235,2.807884,-0.353629,-1.799386,102.616518,102.067887,,103.041282,,104.436256,100.566418,,102.177487,96.73735,99.679502,99.22315
Dic 81,103.763702,101.029388,-0.048909,2.378968,-0.456503,-2.309084,102.510761,102.057652,,103.088254,,104.322865,100.300369,,101.586258,97.043802,99.661873,98.912687
Ene 82,103.616395,100.409506,-0.147307,1.877694,-0.619882,-2.979402,102.331246,102.028814,,103.048994,,104.021082,99.928353,,100.879698,97.616789,99.65682,98.581698
Feb 82,103.390113,99.652226,-0.226282,1.327932,-0.75728,-3.648135,102.131764,101.972544,,102.94501,,103.53688,99.481447,,100.08151,98.444929,99.676376,98.258898
Mar 82,103.096681,98.821486,-0.293432,0.738976,-0.83074,-4.414118,101.942937,101.879115,,102.801102,,102.868663,98.971449,,99.20185,99.367648,99.729839,97.974836
Abr 82,102.752873,97.988336,-0.343808,0.12742,-0.83315,-5.191236,101.786291,101.742962,,102.631013,,102.049289,98.376934,,98.283457,100.193865,99.826806,97.753313
May 82,102.356169,97.236516,-0.396704,-0.507461,-0.75182,-5.84301,101.641863,101.562451,,102.430556,,101.095145,97.759479,,97.440982,100.829396,99.967636,97.591471
Jun 82,101.90039,96.592278,-0.455779,-1.178223,-0.644238,-6.335978,101.477899,101.331819,,102.184822,,100.035605,97.094443,,96.775612,101.308747,100.136444,97.515443
Jul 82,101.388435,96.089278,-0.511955,-1.891764,-0.503,-6.623331,101.283369,101.054861,,101.876632,,98.9059,96.472642,,96.290374,101.707294,100.303386,97.584069
Ago 82,100.831598,95.748043,-0.556837,-2.637,-0.341236,-6.696779,101.049162,100.743844,,101.50901,,97.741972,95.951261,,95.985755,102.077392,100.438595,97.827512
Sep 82,100.260471,95.579268,-0.571127,-3.373976,-0.168774,-6.570834,100.761497,100.410857,,101.105963,,96.635603,95.566489,,95.818421,102.378652,100.526597,98.230946
Oct 82,99.715162,95.56343,-0.545308,-4.045099,-0.015838,-6.276091,100.426977,100.075436,,100.70147,,95.676262,95.394738,,95.69736,102.566638,100.576466,98.710938
Nov 82,99.245173,95.654583,-0.469989,-4.567438,0.091153,-5.831309,100.089177,99.760775,,100.323783,,94.953543,95.478382,,95.591988,102.687969,100.619789,99.187328
Dic 82,98.87292,95.78449,-0.372254,-4.890782,0.129907,-5.244899,99.77144,99.456463,,99.981026,,94.529996,95.739322,,95.489333,102.801567,100.683553,99.619694
Ene 83,98.600025,95.955643,-0.272894,-5.016369,0.171154,-4.453863,99.472175,99.165311,,99.677126,,94.40653,96.128977,,95.451335,102.901158,100.775272,100.004146
Feb 83,98.42423,96.168369,-0.175796,-4.965883,0.212725,-3.483857,99.193282,98.899021,,99.413718,,94.559475,96.550395,,95.506136,102.937119,100.876143,100.342331
Mar 83,98.340359,96.424796,-0.08387,-4.756322,0.256427,-2.39669,98.93933,98.675944,,99.190757,,94.946664,96.936011,,95.682263,102.89332,100.961051,100.639019
Abr 83,98.329026,96.721703,-0.011333,-4.423847,0.296907,-1.266633,98.728552,98.505844,,99.00913,,95.4669,97.240654,,96.020178,102.783008,101.013736,100.885839
May 83,98.372334,97.052548,0.043308,-3.983836,0.330845,-0.183968,98.60877,98.386092,,98.861916,,96.015167,97.487493,,96.512679,102.631606,101.027292,101.064438
Jun 83,98.446415,97.413051,0.074082,-3.453975,0.360503,0.820773,98.573397,98.318573,,98.742594,,96.513676,97.761562,,97.094062,102.455392,101.000688,101.156753
Jul 83,98.536968,97.782036,0.090552,-2.851467,0.368986,1.692758,98.609006,98.301567,,98.656136,,96.919253,98.095491,,97.675329,102.261819,100.93728,101.162122
Ago 83,98.638608,98.134053,0.101641,-2.192989,0.352017,2.386011,98.700958,98.332418,,98.599212,,97.232452,98.439329,,98.220439,102.054093,100.843322,101.094816
Sep 83,98.752741,98.485372,0.114132,-1.50773,0.351318,2.906103,98.861086,98.404588,,98.56798,,97.457053,98.816548,,98.73484,101.823955,100.726676,100.977356
Oct 83,98.874669,98.82956,0.121928,-0.840493,0.344188,3.26613,99.074564,98.51092,,98.559402,,97.600563,99.223665,,99.194054,101.556001,100.593785,100.808163
Nov 83,98.999081,99.162697,0.124412,-0.246093,0.333137,3.508114,99.30423,98.64318,,98.574197,,97.687847,99.624047,,99.617563,101.242898,100.448705,100.588725
Dic 83,99.144893,99.478308,0.145812,0.271973,0.315611,3.693818,99.550114,98.793039,,98.616048,,97.794072,99.996412,,100.009604,100.897152,100.292144,100.328721
Ene 84,99.312573,99.756352,0.167681,0.712548,0.278045,3.800709,99.781046,98.945735,,98.685628,,97.966244,100.354708,,100.299604,100.535859,100.123674,100.037309
Feb 84,99.493033,99.962182,0.18046,1.068803,0.20583,3.793813,99.941086,99.101055,,98.77939,,98.230162,100.704746,,100.385484,100.184283,99.944523,99.726462
Mar 84,99.681518,100.110668,0.188485,1.341159,0.148485,3.685872,100.040716,99.257833,,98.892691,,98.563427,101.105744,,100.243432,99.862485,99.760547,99.433922
Abr 84,99.875622,100.241339,0.194103,1.546596,0.130671,3.519636,100.101148,99.420851,,99.018602,,98.93799,101.577774,,99.98218,99.580146,99.583971,99.179127
May 84,100.08746,100.375936,0.211838,1.715127,0.134597,3.323388,100.161708,99.5958,,99.161614,,99.349539,102.067495,,99.723103,99.337064,99.42626,98.97509
Jun 84,100.33264,100.498192,0.24518,1.886225,0.122255,3.085141,100.272424,99.781833,,99.326081,,99.802744,102.460664,,99.506206,99.123111,99.290352,98.837302
Jul 84,100.592121,100.614593,0.259481,2.055154,0.116402,2.832557,100.412956,99.965822,,99.513823,,100.258239,102.720971,,99.35167,98.923866,99.169241,98.781254
Ago 84,100.833155,100.729338,0.241034,2.194547,0.114745,2.595285,100.526736,100.135873,,99.721763,,100.665427,102.871162,,99.22823,98.720533,99.052787,98.799761
Sep 84,101.045865,100.803851,0.212709,2.293124,0.074513,2.318479,100.60814,100.291232,,99.93935,,101.004395,102.887526,,99.058279,98.492166,98.933986,98.843011
Oct 84,101.226965,100.834912,0.1811,2.352296,0.031061,2.005352,100.660625,100.437806,,100.147988,,101.272127,102.820769,,98.787902,98.224097,98.81443,98.890618
Nov 84,101.397603,100.852133,0.170638,2.398522,0.017221,1.689436,100.739041,100.603176,,100.328747,,101.483991,102.75384,,98.434803,97.916408,98.705666,98.947894
Dic 84,101.552626,100.886652,0.155023,2.407734,0.034519,1.408344,100.85617,100.773103,,100.471841,,101.632015,102.779026,,98.030115,97.586548,98.623426,99.023816
Ene 85,101.674229,100.93675,0.121603,2.361655,0.050099,1.180398,100.98882,100.930425,,100.577966,,101.689445,102.870128,,97.641185,97.272071,98.582815,99.124703
Feb 85,101.749809,100.977718,0.07558,2.256776,0.040968,1.015536,101.111137,101.064028,,100.653472,,101.639903,102.962627,,97.343725,97.02912,98.593736,99.22701
Mar 85,101.786475,100.958929,0.036666,2.104957,-0.01879,0.848261,101.195283,101.165233,,100.711073,,101.533699,102.952446,,97.154093,96.90107,98.656718,99.30121
Abr 85,101.799615,100.880462,0.01314,1.923993,-0.078467,0.639122,101.252232,101.237855,,100.750763,,101.413445,102.849597,,97.08219,96.918099,98.759541,99.345629
May 85,101.800488,100.740782,0.000873,1.713028,-0.13968,0.364845,101.29234,101.301148,,100.76974,,101.294322,102.637772,,97.134814,97.093956,98.885443,99.361912
Jun 85,101.793859,100.558507,-0.006629,1.461219,-0.182275,0.060315,101.33056,101.354806,,100.764562,,101.182899,102.335775,,97.339628,97.425248,99.022081,99.347266
Jul 85,101.769624,100.338967,-0.024234,1.177503,-0.21954,-0.275626,101.338021,101.381146,,100.725208,,101.098066,101.931515,,97.689345,97.886003,99.162721,99.305332
Ago 85,101.724483,100.106067,-0.045141,0.891328,-0.2329,-0.623271,101.310903,101.365597,,100.642431,,101.055154,101.450228,,98.139592,98.408032,99.301509,99.257196
Sep 85,101.647823,99.914168,-0.07666,0.601959,-0.191899,-0.889683,101.231927,101.311635,,100.523078,,101.021534,100.975378,,98.625198,98.889538,99.434918,99.252139
Oct 85,101.536319,99.763424,-0.111504,0.309355,-0.150744,-1.071488,101.087058,101.222428,,100.37838,,100.984445,100.492392,,99.080479,99.297634,99.562859,99.337719
Nov 85,101.394908,99.626468,-0.141411,-0.002695,-0.136955,-1.225665,100.894536,101.101558,,100.228013,,100.920798,100.004756,,99.409095,99.635619,99.68895,99.526145
Dic 85,101.218743,99.461144,-0.176165,-0.333883,-0.165324,-1.425508,100.660475,100.951667,,100.083696,,100.792046,99.481739,,99.563956,99.926952,99.817181,99.788215
Ene 86,101.014541,99.259136,-0.204202,-0.659688,-0.202008,-1.677614,100.40591,100.777636,104.289335,99.948855,,100.593891,98.959497,,99.547978,100.200313,99.947448,100.086899
Feb 86,100.705747,99.019856,-0.308794,-1.044062,-0.23928,-1.957862,100.200881,100.570545,103.646816,99.825245,,100.321488,98.47816,,99.368788,100.480278,100.078071,100.39544
Mar 86,100.388014,98.753018,-0.317733,-1.398461,-0.266838,-2.20591,100.026697,100.321482,103.019302,99.712536,,99.992313,98.036915,,99.105682,100.766848,100.211572,100.669119
Abr 86,100.062178,98.473231,-0.325836,-1.737437,-0.279788,-2.407231,99.837499,100.034632,102.41951,99.603674,,99.646301,97.604414,,98.878571,101.051878,100.353576,100.863874
May 86,99.73112,98.209008,-0.331058,-2.069368,-0.264222,-2.531773,99.643163,99.704242,101.873629,99.488235,,99.277101,97.193159,,98.794187,101.340214,100.510072,100.96254
Jun 86,99.389509,98.005299,-0.341611,-2.40435,-0.203709,-2.553208,99.397147,99.352293,101.391763,99.353919,,98.886428,96.906559,,98.897417,101.641237,100.685227,100.97364
Jul 86,99.052426,97.902237,-0.337083,-2.717198,-0.103063,-2.43673,99.089251,99.021517,100.983042,99.196039,,98.508153,96.837414,,99.205429,101.956728,100.877476,100.915262
Ago 86,98.746222,97.9225,-0.306204,-2.978261,0.020264,-2.183567,98.806205,98.742053,100.601494,99.028826,,98.180939,97.013129,,99.691687,102.269787,101.076442,100.831406
Sep 86,98.491744,98.058483,-0.254479,-3.156079,0.135982,-1.855685,98.576689,98.533401,100.235581,98.867582,,97.950775,97.362796,,100.324364,102.555633,101.270689,100.764326
Oct 86,98.302979,98.296656,-0.188765,-3.233341,0.238173,-1.466768,98.42932,98.401898,99.878915,98.727747,,97.839367,97.799617,,101.050393,102.78546,101.447834,100.769499
Nov 86,98.18563,98.629967,-0.117348,-3.209278,0.333311,-0.996502,98.376016,98.349127,99.569655,98.619692,,97.811479,98.272766,,101.834913,102.943042,101.596085,100.882062
Dic 86,98.13744,99.052966,-0.048191,-3.081304,0.422999,-0.408178,98.404894,98.387426,99.317193,98.548402,,97.841663,98.765536,,102.673333,103.031257,101.708644,101.102032
Ene 87,98.13892,99.538361,0.00148,-2.875621,0.485395,0.279225,98.522384,98.515836,99.061466,98.513853,102.50242,97.892993,99.219624,,103.573488,103.06476,101.785439,101.407582
Feb 87,98.237539,100.046816,0.098618,-2.468209,0.508455,1.02696,98.705164,98.720131,98.806216,98.518329,102.143164,97.95244,99.615661,,104.502658,103.056789,101.830917,101.743039
Mar 87,98.365051,100.547128,0.127512,-2.022964,0.500311,1.79411,98.926684,98.972852,98.54302,98.561089,101.745879,98.018962,99.989595,,105.396336,103.01117,101.852296,102.048291
Abr 87,98.507621,101.017492,0.14257,-1.554557,0.470364,2.544261,99.172929,99.232601,98.281191,98.642666,101.336368,98.086065,100.385082,,106.187678,102.925817,101.859323,102.284415
May 87,98.650314,101.43767,0.142693,-1.080805,0.420178,3.228662,99.36813,99.465559,98.054463,98.763024,100.934285,98.165239,100.837509,,106.804946,102.806465,101.865042,102.441748
Jun 87,98.799181,101.738112,0.148867,-0.590328,0.300441,3.732812,99.501212,99.654509,97.970572,98.914935,100.593698,98.272392,101.240763,,107.168842,102.655164,101.885786,102.502287
Jul 87,98.947678,101.824293,0.148497,-0.104748,0.086182,3.922056,99.589971,99.797939,98.000958,99.085436,100.331001,98.412328,101.461014,,107.177542,102.471786,101.939364,102.417948
Ago 87,99.077053,101.614684,0.129374,0.33083,-0.209609,3.692184,99.652802,99.898597,98.078969,99.256884,100.14921,98.545681,101.453763,,106.691217,102.264885,102.042293,102.137864
Sep 87,99.165238,101.083687,0.088185,0.673494,-0.530997,3.025204,99.681888,99.955897,98.129921,99.408141,100.048391,98.652556,101.239914,,105.655374,102.04272,102.205742,101.633248
Oct 87,99.205188,100.309249,0.03995,0.902209,-0.774438,2.012594,99.685663,99.955144,98.119047,99.511086,100.011216,98.745116,100.867646,,104.204056,101.803778,102.428587,100.968053
Nov 87,99.197774,99.440623,-0.007414,1.012144,-0.868626,0.810656,99.631958,99.899158,98.040356,99.5478,100.001211,98.845058,100.352548,,102.619693,101.546291,102.684824,100.293123
Dic 87,99.149798,98.687544,-0.047977,1.012358,-0.753079,-0.365422,99.51013,99.79517,97.905336,99.520081,100.034374,98.996773,99.789754,,101.24815,101.255835,102.908781,99.756858
Ene 88,99.077645,98.18972,-0.072152,0.938725,-0.497824,-1.348641,99.346661,99.652516,97.748147,99.453358,100.154682,99.241058,99.273549,,100.252283,100.906186,102.990298,99.411423
Feb 88,99.002427,97.970749,-0.075218,0.764888,-0.218971,-2.076067,99.173152,99.498215,97.598297,99.373966,100.325234,99.545348,98.863499,,99.581957,100.518501,102.811656,99.225769
Mar 88,98.939504,97.995042,-0.062923,0.574453,0.024293,-2.552085,99.026126,99.344427,97.479089,99.29294,100.515355,99.882403,98.625893,,99.102558,100.140638,102.310887,99.140137
Abr 88,98.901273,98.207952,-0.038231,0.393652,0.212909,-2.80954,98.912353,99.214026,97.407427,99.214922,100.676895,100.22264,98.56365,,98.779393,99.807989,101.541136,99.10056
May 88,98.891904,98.529043,-0.009369,0.24159,0.321091,-2.908628,98.822049,99.126301,97.406656,99.140293,100.795882,100.54233,98.630384,,98.595113,99.54019,100.653592,99.085263
Jun 88,98.905708,98.885662,0.013804,0.106527,0.356619,-2.85245,98.749148,99.093725,97.449709,99.068384,100.868074,100.826539,98.844254,,98.47545,99.341288,99.812846,99.087179
Jul 88,98.944946,99.215299,0.039238,-0.002732,0.329637,-2.608995,98.702493,99.118274,97.547055,99.000872,100.894339,101.0659,99.195259,,98.384037,99.206305,99.152238,99.081712
Ago 88,99.014551,99.486061,0.069605,-0.062502,0.270762,-2.128623,98.706485,99.223685,97.70594,98.94105,100.900789,101.255606,99.651913,,98.301102,99.122824,98.738884,99.073152
Sep 88,99.105503,99.686438,0.090952,-0.059735,0.200377,-1.397249,98.787453,99.37857,97.907746,98.898489,100.910968,101.382544,100.15625,,98.210815,99.072012,98.573726,99.08074
Oct 88,99.211974,99.828095,0.106472,0.006786,0.141657,-0.481154,98.93053,99.566296,98.112183,98.880254,100.899346,101.453116,100.685793,,98.111315,99.035623,98.620175,99.111173
Nov 88,99.312713,99.926212,0.100739,0.114939,0.098117,0.485589,99.08313,99.756648,98.259783,98.884218,100.858715,101.484906,101.220881,,98.007314,99.006696,98.82309,99.165716
Dic 88,99.407318,99.971138,0.094604,0.25752,0.044926,1.283595,99.249621,99.911611,98.351167,98.903593,100.758775,101.485166,101.651126,,97.8986,98.993583,99.114014,99.264243
Ene 89,99.499458,99.991999,0.09214,0.421812,0.02086,1.802279,99.41645,100.021448,98.395649,98.933743,100.578485,101.472124,101.950193,,97.845942,99.014418,99.419553,99.410127
Feb 89,99.587867,100.021323,0.08841,0.585441,0.029325,2.050574,99.561543,100.091487,98.431322,98.972877,100.333073,101.434323,102.125705,,97.909565,99.082059,99.682526,99.595067
Mar 89,99.665069,100.066248,0.077201,0.725565,0.044924,2.071205,99.674022,100.135738,98.495778,99.015461,100.077905,101.349857,102.14945,,98.12236,99.194333,99.879962,99.812132
Abr 89,99.730943,100.124522,0.065875,0.82967,0.058274,1.91657,99.749515,100.164851,98.614211,99.065478,99.848326,101.217953,102.01987,,98.459032,99.339594,100.006665,100.064075
May 89,99.78303,100.193932,0.052086,0.891125,0.069411,1.66489,99.79265,100.171526,98.776996,99.129929,99.659743,101.045453,101.78726,,98.858795,99.504352,100.057558,100.335486
Jun 89,99.829062,100.263589,0.046032,0.923354,0.069657,1.377927,99.805074,100.14894,98.980935,99.213256,99.492211,100.859876,101.499675,,99.243855,99.675604,100.023353,100.598771
Jul 89,99.86278,100.313878,0.033718,0.917834,0.050288,1.098579,99.77129,100.084684,99.212197,99.314172,99.350305,100.673591,101.187001,,99.547873,99.841067,99.91333,100.824596
Ago 89,99.89354,100.310672,0.03076,0.878989,-0.003205,0.824611,99.688369,99.99437,99.441013,99.429493,99.212168,100.537663,100.842161,,99.743105,99.987183,99.787943,100.985843
Sep 89,99.925431,100.246567,0.031891,0.819928,-0.064105,0.560129,99.591941,99.895147,99.619978,99.552221,99.052217,100.451146,100.555113,,99.808169,100.100228,99.729377,101.058606
Oct 89,99.946126,100.143548,0.020695,0.734152,-0.103019,0.315453,99.514264,99.827615,99.665385,99.678282,98.885307,100.374445,100.408638,,99.759891,100.167511,99.783062,101.046038
Nov 89,99.964404,100.034829,0.018278,0.651691,-0.108719,0.108616,99.497756,99.819779,99.61576,99.801605,98.750785,100.293431,100.406985,,99.666165,100.183978,99.93962,100.967648
Dic 89,99.992516,99.946262,0.028113,0.585199,-0.088567,-0.024876,99.56821,99.885985,99.505506,99.92883,98.654674,100.201901,100.508033,,99.592478,100.156235,100.162625,100.85292
Ene 90,100.030147,99.878229,0.037631,0.530689,-0.068033,-0.11377,99.709906,100.022931,99.338046,100.067521,98.608854,100.117984,100.648218,,99.566244,100.10851,100.407201,100.718749
Feb 90,100.078812,99.836199,0.048665,0.490945,-0.04203,-0.185125,99.885463,100.198798,99.218339,100.222544,98.664719,100.060988,100.779823,,99.596484,100.06881,100.618369,100.594375
Mar 90,100.149451,99.830792,0.070639,0.484382,-0.005406,-0.235455,100.067996,100.393776,99.246716,100.394328,98.840311,100.056448,100.889258,,99.669134,100.050184,100.740657,100.498845
Abr 90,100.232781,99.849951,0.08333,0.501838,0.019159,-0.274571,100.257202,100.5642,99.382544,100.581786,99.108677,100.110861,100.950111,,99.752631,100.052977,100.736496,100.414402
May 90,100.327478,99.871087,0.094696,0.544448,0.021136,-0.322845,100.394907,100.713116,99.605757,100.778736,99.396039,100.22437,100.974055,,99.788643,100.072171,100.6053,100.309897
Jun 90,100.435246,99.841617,0.107768,0.606184,-0.02947,-0.421972,100.505843,100.821062,99.884268,100.98361,99.638379,100.370938,100.95348,,99.702939,100.101749,100.392492,100.138752
Jul 90,100.554543,99.751456,0.119298,0.691763,-0.090161,-0.562422,100.587758,100.881548,100.181806,101.192575,99.768208,100.523246,100.946231,,99.4948,100.134947,100.167307,99.874096
Ago 90,100.687143,99.621663,0.1326,0.793603,-0.129793,-0.68901,100.645105,100.889291,100.493326,101.401357,99.740035,100.655925,100.999638,,99.188939,100.161514,99.971177,99.542208
Sep 90,100.817316,99.493997,0.130173,0.891885,-0.127665,-0.75257,100.694602,100.850717,100.812299,101.604274,99.622655,100.738316,101.064491,,98.876188,100.165945,99.818019,99.233344
Oct 90,100.933606,99.405937,0.11629,0.98748,-0.088061,-0.737611,100.733843,100.777324,101.15277,101.795487,99.485354,100.757939,101.067416,,98.634722,100.132803,99.694855,99.034086
Nov 90,101.042209,99.362092,0.108603,1.077806,-0.043845,-0.672737,100.761615,100.678858,101.505461,101.975778,99.295037,100.716531,100.933552,,98.47503,100.056433,99.578869,98.995156
Dic 90,101.123471,99.385394,0.081261,1.130954,0.023302,-0.560868,100.779053,100.583887,101.754668,102.145559,99.09973,100.63709,100.718284,,98.421986,99.950313,99.459264,99.11208
Ene 91,101.185097,99.488171,0.061626,1.15495,0.102777,-0.390058,100.793776,100.516886,101.91526,102.300413,98.907917,100.528929,100.478603,,98.513313,99.839538,99.328357,99.346904
Feb 91,101.239445,99.677236,0.054348,1.160633,0.189065,-0.158963,100.844164,100.473741,101.994321,102.438604,98.714609,100.416987,100.282145,,98.776439,99.744573,99.193553,99.654156
Mar 91,101.294845,99.916412,0.0554,1.145394,0.239176,0.08562,100.921288,100.448523,102.042615,102.558045,98.531734,100.326247,100.142935,,99.191543,99.677377,99.065526,99.946894
Abr 91,101.35449,100.167852,0.059646,1.121709,0.25144,0.317901,100.989016,100.439758,102.080255,102.658359,98.342826,100.276095,100.080943,,99.68192,99.640828,98.954261,100.173806
May 91,101.396531,100.400623,0.04204,1.069053,0.232771,0.529536,101.03388,100.424242,102.101033,102.742039,98.222923,100.25898,100.088461,,100.171197,99.62907,98.863564,100.318083
Jun 91,101.395069,100.588997,-0.001462,0.959823,0.188374,0.74738,101.01884,100.399291,102.112351,102.803434,98.266854,100.261962,100.126577,,100.592804,99.630719,98.795236,100.393443
Jul 91,101.35123,100.729842,-0.043839,0.796686,0.140845,0.978386,100.928647,100.383255,102.16398,102.840748,98.517979,100.283657,100.157223,,100.943611,99.632086,98.753902,100.422075
Ago 91,101.303734,100.827508,-0.047496,0.616591,0.097666,1.205845,100.850905,100.377672,102.285528,102.858978,98.874441,100.31637,100.16226,,101.218064,99.617853,98.736068,100.422732
Sep 91,101.298479,100.89201,-0.005255,0.481163,0.064502,1.398013,100.825335,100.394328,102.523173,102.861156,99.179989,100.361433,100.114604,,101.432268,99.572567,98.725235,100.406442
Oct 91,101.350244,100.945942,0.051765,0.416638,0.053931,1.540005,100.856851,100.426646,102.901625,102.846857,99.3807,100.425478,99.996458,,101.616774,99.486701,98.691145,100.392801
Nov 91,101.439549,101.034652,0.089305,0.397339,0.08871,1.67256,100.90514,100.433171,103.368241,102.809611,99.450846,100.51403,99.907727,,101.786734,99.363166,98.617823,100.398133
Dic 91,101.545252,101.174709,0.105704,0.421782,0.140057,1.789315,100.947883,100.436831,103.848114,102.745111,99.415256,100.611543,99.895862,,101.958917,99.220337,98.504117,100.428242
Ene 92,101.658788,101.341363,0.113536,0.473691,0.166654,1.853192,100.987057,100.475893,104.2818,102.648853,99.312742,100.732318,99.943762,,102.1217,99.083035,98.360353,100.468107
Feb 92,101.776505,101.47627,0.117717,0.53706,0.134907,1.799034,101.037869,100.580804,104.625881,102.518122,99.161259,100.874249,100.004625,,102.218751,98.970873,98.211007,100.478875
Mar 92,101.875243,101.530982,0.098738,0.580398,0.054712,1.61457,101.11582,100.719605,104.788795,102.356779,98.96309,101.01343,100.036684,,102.186018,98.892762,98.090966,100.455595
Abr 92,101.919086,101.485138,0.043843,0.564595,-0.045844,1.317286,101.210437,100.835197,104.697419,102.1753,98.756714,101.11644,100.027131,,102.00269,98.847004,98.045401,100.410411
May 92,101.905048,101.325059,-0.014038,0.508517,-0.160079,0.924436,101.26101,100.933559,104.395293,101.990745,98.551764,101.170233,99.931487,,101.6838,98.825093,98.107512,100.353986
Jun 92,101.846691,101.060347,-0.058357,0.451622,-0.264713,0.47135,101.245488,100.984516,103.991529,101.815565,98.337878,101.171436,99.727564,,101.269436,98.810353,98.285947,100.291158
Jul 92,101.753802,100.744435,-0.092889,0.402572,-0.315912,0.014593,101.16644,100.970039,103.570982,101.658723,98.145558,101.127271,99.445006,,100.851591,98.787862,98.559885,100.235123
Ago 92,101.637779,100.423842,-0.116022,0.334045,-0.320592,-0.403665,101.064022,100.897102,103.194555,101.516383,98.01981,101.042696,99.103094,,100.502185,98.75146,98.880629,100.188303
Sep 92,101.50916,100.151303,-0.12862,0.210681,-0.272539,-0.740707,100.968004,100.806405,102.921303,101.384932,98.048307,100.938767,98.759124,,100.282203,98.702074,99.201472,100.154832
Oct 92,101.378622,99.959211,-0.130537,0.028379,-0.192092,-0.986731,100.917017,100.70739,102.757004,101.263042,98.232855,100.824871,98.46949,,100.195022,98.639105,99.487694,100.142798
Nov 92,101.255227,99.848929,-0.123395,-0.184322,-0.110282,-1.185722,100.869268,100.622121,102.699444,101.157358,98.499606,100.693439,98.273011,,100.161799,98.55705,99.708425,100.15987
Dic 92,101.15899,99.794123,-0.096237,-0.386263,-0.054806,-1.380586,100.815835,100.585203,102.724229,101.073739,98.749639,100.551053,98.155097,,100.116782,98.459255,99.849761,100.191689
Ene 93,101.084528,99.775208,-0.074461,-0.57426,-0.018916,-1.566156,100.791382,100.605382,102.75448,101.014253,98.996313,100.412185,98.09733,,100.037315,98.357454,99.900103,100.216987
Feb 93,101.030567,99.785415,-0.053961,-0.745938,0.010207,-1.690856,100.808215,100.668895,102.723108,100.971649,99.203872,100.309694,98.07414,,99.946982,98.262426,99.858939,100.226559
Mar 93,100.97444,99.830149,-0.056128,-0.900803,0.044735,-1.700833,100.821534,100.713691,102.595642,100.930429,99.3334,100.233917,98.09599,,99.875464,98.179307,99.7356,100.21204
Abr 93,100.89722,99.898678,-0.07722,-1.021866,0.068528,-1.586461,100.816181,100.711516,102.352284,100.86669,99.394841,100.175406,98.154384,,99.819458,98.105729,99.552713,100.171287
May 93,100.785609,100.005403,-0.111611,-1.119439,0.106725,-1.319657,100.804559,100.676673,102.004471,100.758145,99.458548,100.113812,98.264855,,99.812455,98.038326,99.331923,100.119559
Jun 93,100.641451,100.168291,-0.144158,-1.20524,0.162888,-0.892056,100.776298,100.629852,101.575376,100.596356,99.530917,100.040858,98.446603,,99.887589,97.969256,99.087048,100.067846
Jul 93,100.470971,100.365225,-0.17048,-1.28283,0.196934,-0.37921,100.737375,100.594988,101.097429,100.386373,99.63661,99.948845,98.627031,,100.053334,97.896126,98.833032,100.022466
Ago 93,100.290988,100.582463,-0.179984,-1.346792,0.217238,0.158621,100.67486,100.579165,100.612974,100.147953,99.742277,99.842817,98.78427,,100.299538,97.820197,98.58288,99.985907
Sep 93,100.146439,100.813964,-0.144549,-1.362721,0.231501,0.66266,100.609379,100.591657,100.195414,99.911149,99.786051,99.780453,98.931074,,100.609967,97.746363,98.338496,99.949119
Oct 93,100.0781,101.057442,-0.068339,-1.300522,0.243478,1.098231,100.576673,100.645569,99.969994,99.706529,99.756052,99.774691,99.084312,,100.977742,97.680449,98.099064,99.899801
Nov 93,100.101356,101.292587,0.023256,-1.153871,0.235145,1.443658,100.6076,100.746071,99.976045,99.557183,99.681265,99.842652,99.237845,,101.35703,97.626532,97.862051,99.826585
Dic 93,100.227663,101.491579,0.126307,-0.931326,0.198992,1.697455,100.716863,100.891962,100.238827,99.470354,99.562348,100.003455,99.379774,,101.681232,97.590146,97.625705,99.722872
Ene 94,100.430419,101.625178,0.202756,-0.654109,0.133599,1.84997,100.883616,101.064597,100.675683,99.443833,99.384709,100.21716,99.556181,,101.880053,97.591443,97.430496,99.58
Feb 94,100.675946,101.665542,0.245527,-0.354621,0.040364,1.880127,101.093095,101.249497,101.18275,99.473946,99.150368,100.433036,99.763295,,101.935921,97.638873,97.328607,99.391148
Mar 94,100.926175,101.606125,0.250228,-0.048265,-0.059417,1.775975,101.334177,101.436302,101.652857,99.546986,98.896628,100.616494,99.94621,,101.898863,97.720208,97.357901,99.166212
Abr 94,101.157914,101.470539,0.23174,0.260694,-0.135585,1.571862,101.574337,101.587182,102.064394,99.649176,98.652308,100.771587,100.037318,,101.838443,97.795918,97.511008,98.931923
May 94,101.339755,101.30707,0.181841,0.554147,-0.163469,1.301668,101.76633,101.645416,102.392473,99.763194,98.441457,100.891778,100.024936,,101.804212,97.851598,97.718675,98.720816
Jun 94,101.458789,101.142189,0.119033,0.817338,-0.164881,0.973898,101.902082,101.646356,102.61362,99.875409,98.321654,100.971814,99.937353,,101.799311,97.908799,97.914546,98.540997
Jul 94,101.512549,100.988456,0.053761,1.041578,-0.153733,0.623231,101.986594,101.60753,102.727561,99.974793,98.308124,101.001825,99.842469,,101.821652,97.999133,98.088756,98.388338
Ago 94,101.496805,100.80702,-0.015744,1.205817,-0.181437,0.224557,102.025339,101.520787,102.746027,100.042809,98.411719,100.978331,99.766612,,101.810471,98.171583,98.275819,98.256712
Sep 94,101.385653,100.51307,-0.111152,1.239214,-0.29395,-0.300894,101.979362,101.345569,102.650359,100.05591,98.657927,100.902762,99.681062,,101.686913,98.494057,98.554558,98.129911
Oct 94,101.153083,100.024314,-0.232571,1.074982,-0.488756,-1.033128,101.787403,101.039601,102.419935,99.990298,99.0336,100.763539,99.531655,,101.401735,99.030894,99.018881,98.007237
Nov 94,100.770754,99.282489,-0.382328,0.669398,-0.741825,-2.010098,101.388268,100.574121,102.048834,99.81297,99.529187,100.520509,99.233773,,100.948521,99.816804,99.746393,97.906448
Dic 94,100.223624,98.307696,-0.54713,-0.004039,-0.974793,-3.183883,100.740003,99.934015,101.540476,99.50678,100.139348,100.154459,98.78295,,100.341827,100.815363,100.745591,97.853654
Ene 95,99.523852,97.222955,-0.699773,-0.906567,-1.08474,-4.402223,99.854777,99.137669,100.913547,99.077691,100.873549,99.688078,98.206176,,99.655031,101.863362,101.911044,97.872122
Feb 95,98.707025,96.237249,-0.816826,-1.968921,-0.985706,-5.428293,98.803917,98.270432,100.078509,98.550358,101.692318,99.19039,97.607215,,99.012745,102.738096,103.026484,97.960811
Mar 95,97.865645,95.567089,-0.84138,-3.060529,-0.67016,-6.039035,97.781021,97.439623,99.054705,97.976395,102.519496,98.733933,97.133386,,98.552873,103.273818,103.834805,98.101906
Abr 95,97.08422,95.317564,-0.781425,-4.073694,-0.249526,-6.152976,96.912764,96.732235,97.935231,97.410459,103.277782,98.355579,96.934489,,98.289369,103.445088,104.171434,98.276364
May 95,96.465012,95.450306,-0.619208,-4.874743,0.132742,-5.856765,96.304697,96.230881,96.960473,96.888695,103.904388,98.103356,97.057682,,98.205165,103.356836,104.06311,98.463382
Jun 95,96.048008,95.833291,-0.417004,-5.410781,0.382985,-5.308898,95.983831,95.961422,96.239793,96.439447,104.355133,97.967546,97.46703,,98.266819,103.168145,103.682887,98.643674
Jul 95,95.82593,96.309991,-0.222079,-5.68662,0.4767,-4.678465,95.904649,95.909422,95.778074,96.079417,104.610929,97.926462,98.04333,,98.405205,102.986595,103.219509,98.802975
Ago 95,95.772972,96.756616,-0.052958,-5.723833,0.446625,-4.050403,96.005684,96.044656,95.535878,95.820037,104.677479,97.960284,98.691882,,98.560407,102.894306,102.823776,98.934243
Sep 95,95.85319,97.110787,0.080218,-5.532464,0.354171,-3.402282,96.23366,96.334616,95.447285,95.665671,104.56857,98.027846,99.352406,,98.704069,102.919843,102.584616,99.044795
Oct 95,96.032573,97.375244,0.179383,-5.12051,0.264457,-2.64907,96.556589,96.731908,95.465045,95.61213,104.333847,98.118215,99.990304,,98.851658,103.035263,102.503083,99.135705
Nov 95,96.287492,97.60994,0.254919,-4.483262,0.234696,-1.672549,96.971158,97.182171,95.56017,95.651477,104.025174,98.24487,100.595184,,99.015065,103.151231,102.485692,99.213772
Dic 95,96.578617,97.858449,0.291125,-3.645007,0.248509,-0.449247,97.385548,97.627592,95.709735,95.772733,103.675995,98.403447,101.117972,,99.161653,103.155249,102.422921,99.277482
Ene 96,96.867634,98.118266,0.289017,-2.656218,0.259817,0.89531,97.700647,97.977828,95.931072,95.960961,103.297125,98.576204,101.510859,,99.274164,103.028527,102.267574,99.317929
Feb 96,97.125102,98.363265,0.257468,-1.581923,0.245,2.126016,97.905906,98.22838,96.144018,96.195045,102.925279,98.750491,101.757798,,99.34189,102.806429,102.036322,99.330616
Mar 96,97.343975,98.59123,0.218873,-0.52167,0.227965,3.024141,98.041636,98.40828,96.308395,96.452368,102.588102,98.907755,101.909062,,99.382365,102.52797,101.746773,99.297292
Abr 96,97.522593,98.790882,0.178618,0.438373,0.199651,3.473318,98.139142,98.537435,96.409863,96.712782,102.308422,99.044755,101.973943,,99.388514,102.227779,101.409677,99.225143
May 96,97.669882,98.9369,0.147289,1.20487,0.146019,3.486595,98.232976,98.647799,96.46722,96.966298,102.103506,99.153679,101.949382,,99.359142,101.946043,101.077262,99.130158
Jun 96,97.784878,99.010585,0.114996,1.736869,0.073685,3.177294,98.324212,98.744041,96.49041,97.207329,101.991072,99.236716,101.827988,,99.304597,101.705157,100.804428,99.027131
Jul 96,97.879069,99.038917,0.094192,2.05314,0.028332,2.728927,98.413373,98.825654,96.506287,97.435919,101.963554,99.32405,101.656758,,99.243746,101.504583,100.597947,98.942427
Ago 96,97.964107,99.059701,0.085038,2.191135,0.020784,2.303085,98.515066,98.913052,96.5429,97.662174,102.020364,99.407473,101.459561,,99.201599,101.336843,100.434376,98.916774
Sep 96,98.05357,99.072991,0.089463,2.20038,0.01329,1.962204,98.641824,99.024914,96.628256,97.896001,102.143063,99.475847,101.236249,,99.172445,101.19977,100.3185,98.958814
Oct 96,98.16516,99.099762,0.11159,2.132587,0.026771,1.724518,98.786248,99.163589,96.779528,98.148359,102.247821,99.521882,101.029187,,99.168077,101.078342,100.243819,99.059691
Nov 96,98.306334,99.175548,0.141174,2.018841,0.075785,1.565608,98.92958,99.30376,97.000163,98.421403,102.251376,99.542753,100.893659,,99.20153,100.944957,100.166202,99.192572
Dic 96,98.474664,99.328087,0.16833,1.896047,0.152539,1.469638,99.050666,99.421137,97.285556,98.713913,102.13995,99.562284,100.873014,,99.278428,100.778926,100.037684,99.32819
Ene 97,98.669518,99.542801,0.194854,1.801884,0.214714,1.424535,99.152409,99.50056,97.640727,99.018359,101.939874,99.618022,100.946766,,99.40097,100.596083,99.861078,99.45705
Feb 97,98.88435,99.784503,0.214832,1.759248,0.241702,1.421238,99.266676,99.588368,97.995588,99.338405,101.692623,99.702819,101.075557,,99.558189,100.418932,99.670851,99.574325
Mar 97,99.106604,100.019544,0.222254,1.762629,0.235042,1.428314,99.413782,99.708653,98.307026,99.659428,101.447255,99.808397,101.18355,,99.748905,100.258698,99.491225,99.685329
Abr 97,99.331559,100.25979,0.224955,1.808966,0.240246,1.468908,99.59703,99.867562,98.566974,99.970587,101.206618,99.920496,101.255403,,99.990788,100.108117,99.326352,99.822519
May 97,99.554353,100.518165,0.222793,1.884471,0.258375,1.581265,99.802103,100.051055,98.785947,100.255084,100.955874,100.031551,101.292803,,100.288365,99.967683,99.169216,100.014357
Jun 97,99.770465,100.778434,0.216113,1.985588,0.260269,1.767849,100.012104,100.242996,98.984549,100.493336,100.690255,100.143371,101.306987,,100.612611,99.837991,99.016541,100.224112
Jul 97,99.968439,101.009414,0.197974,2.08937,0.23098,1.970497,100.217411,100.429828,99.179137,100.672029,100.443555,100.245406,101.317731,,100.905688,99.721152,98.883028,100.407048
Ago 97,100.147161,101.187134,0.178722,2.183054,0.17772,2.127433,100.427568,100.606981,99.36601,100.779683,100.205651,100.331473,101.365232,,101.116791,99.629236,98.790022,100.53056
Sep 97,100.299471,101.306617,0.15231,2.245901,0.119482,2.233625,100.643096,100.777972,99.535368,100.813832,100.013222,100.406185,101.444929,,101.246742,99.577082,98.740363,100.600227
Oct 97,100.424063,101.359517,0.124592,2.258903,0.052901,2.259755,100.858339,100.951876,99.689088,100.78481,99.89183,100.472125,101.520116,,101.283169,99.568145,98.730909,100.638846
Nov 97,100.518647,101.363924,0.094584,2.212313,0.004407,2.188377,101.053014,101.125506,99.817003,100.716317,99.844602,100.529471,101.561943,,101.258569,99.588961,98.751338,100.676781
Dic 97,100.590741,101.34192,0.072094,2.116078,-0.022005,2.013833,101.217562,101.294793,99.931305,100.634413,99.846776,100.571143,101.552815,,101.1722,99.610559,98.777614,100.749744
Ene 98,100.649426,101.28845,0.058685,1.979908,-0.053469,1.74565,101.361019,101.453255,100.048351,100.562551,99.890177,100.597709,101.488278,,101.02376,99.644159,98.821211,100.869081
Feb 98,100.694547,101.206018,0.04512,1.810197,-0.082432,1.421516,101.473835,101.575128,100.172717,100.502471,99.932538,100.595021,101.388178,,100.840333,99.703934,98.899206,101.027168
Mar 98,100.713633,101.062266,0.019086,1.607029,-0.143752,1.042722,101.529729,101.629326,100.278334,100.454243,99.953468,100.555884,101.224646,,100.604448,99.791303,99.020232,101.176239
Abr 98,100.695251,100.82172,-0.018382,1.363691,-0.240547,0.56193,101.513487,101.606158,100.35004,100.4139,99.967407,100.474418,100.99528,,100.283975,99.918728,99.198268,101.264094
May 98,100.638915,100.475207,-0.056336,1.084562,-0.346513,-0.042958,101.436028,101.52207,100.377922,100.381088,100.000029,100.356471,100.766572,,99.869523,100.105617,99.470151,101.260564
Jun 98,100.56009,100.035524,-0.078824,0.789625,-0.439683,-0.74291,101.322242,101.399451,100.351741,100.362406,100.0261,100.220202,100.56545,,99.402458,100.354757,99.865422,101.170549
Jul 98,100.479604,99.531296,-0.080486,0.511165,-0.504228,-1.478119,101.198958,101.275459,100.269891,100.356367,100.013599,100.089906,100.375216,,98.938182,100.643533,100.378304,101.018428
Ago 98,100.401028,99.008283,-0.078576,0.253867,-0.523012,-2.178851,101.071269,101.166954,100.13138,100.358212,99.97425,99.981208,100.170897,,98.544387,100.941378,100.974132,100.84236
Sep 98,100.320715,98.580803,-0.080313,0.021244,-0.42748,-2.725813,100.945175,101.076699,99.917388,100.366635,99.924171,99.901063,99.96685,,98.325634,101.18414,101.564728,100.735711
Oct 98,100.253983,98.327961,-0.066732,-0.17008,-0.252842,-3.031556,100.839905,101.009552,99.694766,100.379782,99.858084,99.841312,99.767002,,98.259771,101.292468,102.035926,100.775216
Nov 98,100.215398,98.262152,-0.038584,-0.303249,-0.065809,-3.101772,100.76906,100.963714,99.519883,100.39802,99.759773,99.799183,99.570707,,98.300811,101.254237,102.319349,100.966339
Dic 98,100.208053,98.364756,-0.007346,-0.382689,0.102604,-2.977164,100.7314,100.9331,99.430218,100.423018,99.640201,99.771214,99.408389,,98.447975,101.099846,102.405744,101.241188
Ene 99,100.236901,98.609949,0.028849,-0.412525,0.245193,-2.678502,100.710807,100.900787,99.445416,100.455249,99.47417,99.773013,99.313047,,98.69241,100.869682,102.298251,101.536793
Feb 99,100.293979,98.966041,0.057078,-0.400567,0.356092,-2.239978,100.688715,100.859061,99.561797,100.494933,99.286716,99.814535,99.309934,,99.020833,100.591827,102.033003,101.804312
Mar 99,100.371879,99.380031,0.0779,-0.341754,0.41399,-1.682236,100.662718,100.801514,99.737947,100.54181,99.064417,99.891158,99.40194,,99.38505,100.29979,101.682654,102.026155
Abr 99,100.448392,99.781139,0.076513,-0.246858,0.401108,-1.040581,100.631436,100.724187,99.881823,100.593761,98.818839,99.988962,99.583088,,99.711415,100.031559,101.339005,102.185956
May 99,100.51971,100.096541,0.071318,-0.119204,0.315402,-0.378666,100.598586,100.626892,100.010722,100.65059,98.577793,100.093697,99.786002,,99.948601,99.818804,101.071708,102.271549
Jun 99,100.580201,100.307905,0.060491,0.020111,0.211364,0.272381,100.572942,100.537404,100.1142,100.711124,98.385439,100.192889,99.961513,,100.089997,99.668752,100.88887,102.295617
Jul 99,100.638457,100.449689,0.058255,0.158853,0.141784,0.918393,100.57487,100.484594,100.15203,100.779653,98.205269,100.285093,100.129883,,100.160072,99.566155,100.762162,102.279745
Ago 99,100.701415,100.555484,0.062959,0.300387,0.105795,1.547201,100.610989,100.484384,100.166327,100.863838,98.07752,100.377273,100.274099,,100.234426,99.503038,100.665094,102.23822
Sep 99,100.78068,100.683022,0.079264,0.459965,0.127538,2.102219,100.693563,100.542596,100.195671,100.965499,97.999602,100.473648,100.420729,,100.376299,99.464266,100.562638,102.215238
Oct 99,100.875636,100.863414,0.094956,0.621654,0.180391,2.535452,100.822833,100.656932,100.252566,101.080452,97.988879,100.581864,100.58824,,100.61037,99.436999,100.442934,102.242179
Nov 99,100.99075,101.081786,0.115113,0.775352,0.218373,2.819634,101.006919,100.838893,100.332312,101.205421,98.032583,100.702642,100.744343,,100.903624,99.404409,100.312228,102.32626
Dic 99,101.124656,101.295917,0.133906,0.916604,0.214131,2.931161,101.237319,101.079707,100.429212,101.333791,98.108453,100.835624,100.880699,,101.186066,99.371184,100.184046,102.429273
Ene 00,101.270944,101.469628,0.146288,1.034043,0.17371,2.859679,101.476854,101.35663,100.553274,101.464669,98.194896,100.973945,100.991365,,101.388481,99.345528,100.063027,102.523695
Feb 00,101.40907,101.581517,0.138126,1.11509,0.111889,2.615476,101.669203,101.62921,100.702628,101.594272,98.287761,101.100266,101.03665,,101.497208,99.333338,99.955853,102.607216
Mar 00,101.53892,101.632268,0.129851,1.167041,0.050751,2.252237,101.817562,101.859607,100.886198,101.725532,98.370937,101.220627,101.057634,,101.4896,99.340299,99.882992,102.689621
Abr 00,101.668267,101.609086,0.129347,1.219875,-0.023182,1.827948,101.938496,102.033326,101.109039,101.864546,98.432248,101.353368,101.054736,,101.381479,99.368892,99.885125,102.757117
May 00,101.800297,101.524384,0.13203,1.280587,-0.084702,1.427844,102.037514,102.154063,101.337369,102.018747,98.430056,101.491925,101.02227,,101.231909,99.406095,99.979767,102.800557
Jun 00,101.919375,101.415734,0.119078,1.339174,-0.108651,1.107829,102.10011,102.208027,101.539257,102.183681,98.371632,101.620261,100.98814,,101.084064,99.429134,100.141749,102.820826
Jul 00,101.999989,101.269454,0.080614,1.361533,-0.14628,0.819765,102.105857,102.173246,101.686106,102.347064,98.306128,101.727241,100.900579,,100.915474,99.419318,100.334889,102.793667
Ago 00,102.029496,101.080893,0.029507,1.328081,-0.188561,0.525408,102.04413,102.038919,101.772693,102.493415,98.244742,101.795031,100.773598,,100.727109,99.398242,100.54455,102.696185
Sep 00,102.017159,100.834503,-0.012337,1.236479,-0.24639,0.15148,101.927567,101.830198,101.800175,102.603847,98.145195,101.813423,100.594735,,100.518045,99.39018,100.768819,102.514621
Oct 00,101.96287,100.530333,-0.054289,1.087234,-0.30417,-0.333081,101.76773,101.576997,101.771385,102.665559,98.037348,101.780165,100.325693,,100.30751,99.398086,100.994904,102.258465
Nov 00,101.853387,100.208719,-0.109483,0.862637,-0.321614,-0.873067,101.575308,101.309641,101.707713,102.66886,98.044869,101.691687,100.000222,,100.117793,99.410833,101.194555,101.960874
Dic 00,101.701085,99.901451,-0.152302,0.576429,-0.307268,-1.394467,101.368384,101.067279,101.637145,102.614546,98.186449,101.550311,99.615005,,99.989687,99.422613,101.330092,101.642341
Ene 01,101.528218,99.642706,-0.172867,0.257274,-0.258745,-1.826922,101.166747,100.878504,101.572106,102.510288,98.411499,101.362216,99.226553,,99.924233,99.42576,101.376039,101.321
Feb 01,101.342247,99.456847,-0.185972,-0.066823,-0.185858,-2.124669,100.964793,100.698913,101.481747,102.360796,98.629608,101.155111,98.89233,,99.884834,99.390375,101.312041,101.003214
Mar 01,101.158521,99.360511,-0.183726,-0.380399,-0.096336,-2.271757,100.775288,100.52203,101.348308,102.171199,98.760966,100.941924,98.62803,,99.872373,99.307137,101.132584,100.710555
Abr 01,100.976253,99.358895,-0.182268,-0.692014,-0.001617,-2.250192,100.605748,100.364493,101.177377,101.951559,98.84054,100.713381,98.437274,,99.887025,99.189998,100.848777,100.480838
May 01,100.798041,99.426266,-0.178212,-1.002256,0.067372,-2.098118,100.458358,100.236657,100.993291,101.705424,98.896284,100.471632,98.350855,,99.896329,99.070011,100.490334,100.294348
Jun 01,100.633456,99.493387,-0.164585,-1.285918,0.06712,-1.922347,100.327345,100.122309,100.819885,101.442132,98.909319,100.240478,98.330592,,99.853389,98.971759,100.112128,100.094861
Jul 01,100.475898,99.530756,-0.157558,-1.524091,0.037369,-1.738698,100.199074,100.005972,100.669753,101.171947,98.925146,100.034526,98.368384,,99.744949,98.900954,99.768267,99.869501
Ago 01,100.318966,99.539757,-0.156932,-1.71053,0.009002,-1.541135,100.059166,99.869801,100.551696,100.905403,98.980184,99.867067,98.422907,,99.596804,98.846652,99.47092,99.639568
Sep 01,100.149008,99.553659,-0.169958,-1.868151,0.013901,-1.280844,99.889541,99.699497,100.45681,100.655154,99.117932,99.733389,98.46892,,99.465026,98.795109,99.203928,99.450587
Oct 01,99.96826,99.644244,-0.180748,-1.99461,0.090585,-0.886089,99.692621,99.489934,100.37279,100.43561,99.318129,99.626424,98.556331,,99.427213,98.725313,98.95337,99.369057
Nov 01,99.79822,99.811434,-0.17004,-2.055167,0.16719,-0.397285,99.493555,99.265678,100.297442,100.252519,99.514905,99.548011,98.695598,,99.501018,98.640336,98.72768,99.378213
Dic 01,99.646522,100.014107,-0.151698,-2.054563,0.202672,0.112656,99.305325,99.032585,100.224563,100.105518,99.686574,99.507159,98.90544,,99.654714,98.562673,98.560407,99.415919
Ene 02,99.53167,100.190551,-0.114852,-1.996548,0.176445,0.547846,99.152865,98.817846,100.158796,99.988755,99.782007,99.505958,99.157911,,99.82479,98.517076,98.474076,99.424032
Feb 02,99.46928,100.294613,-0.06239,-1.872966,0.104061,0.837765,99.072853,98.66255,100.103595,99.903689,99.798723,99.547132,99.415787,,99.948428,98.524092,98.454042,99.361252
Mar 02,99.451785,100.293356,-0.017495,-1.706736,-0.001256,0.932845,99.072687,98.605656,100.049402,99.84844,99.783263,99.599718,99.614178,,99.987815,98.595952,98.463513,99.200703
Abr 02,99.463803,100.142686,0.012018,-1.51245,-0.150671,0.783791,99.126738,98.630487,99.988682,99.819211,99.737747,99.632903,99.693658,,99.902776,98.735143,98.500258,98.901636
May 02,99.487646,99.844749,0.023842,-1.310395,-0.297936,0.418483,99.203604,98.699488,99.921236,99.803942,99.674541,99.640725,99.659221,,99.689179,98.926821,98.579153,98.470065
Jun 02,99.512512,99.4377,0.024866,-1.120945,-0.407049,-0.055686,99.287351,98.802305,99.844556,99.789146,99.606342,99.617377,99.514285,,99.386658,99.136111,98.696242,97.94583
Jul 02,99.530394,99.000722,0.017882,-0.945504,-0.436978,-0.530034,99.368615,98.92487,99.765474,99.767519,99.559542,99.568095,99.329511,,99.055346,99.336586,98.833429,97.406052
Ago 02,99.541329,98.598415,0.010935,-0.777638,-0.402307,-0.941342,99.430807,99.046545,99.681878,99.731506,99.489768,99.4956,99.161208,,98.745032,99.520489,98.990754,96.942922
Sep 02,99.536458,98.252007,-0.004871,-0.61255,-0.346408,-1.301651,99.454221,99.136026,99.589933,99.681707,99.398333,99.405604,99.036994,,98.474896,99.689502,99.179085,96.589867
Oct 02,99.514964,97.979288,-0.021494,-0.453296,-0.27272,-1.664956,99.437784,99.174533,99.498274,99.614966,99.282126,99.304765,98.953535,,98.265843,99.844058,99.378407,96.36651
Nov 02,99.468899,97.77441,-0.046065,-0.329321,-0.204878,-2.037024,99.382315,99.144839,99.411023,99.535558,99.192285,99.2075,98.906184,,98.107583,99.991278,99.568309,96.255842
Dic 02,99.400045,97.609107,-0.068854,-0.246477,-0.165303,-2.405,99.305403,99.059588,99.323667,99.445784,99.152555,99.119569,98.858953,,97.987791,100.137039,99.73353,96.2067
Ene 03,99.308575,97.488976,-0.09147,-0.223095,-0.120131,-2.701576,99.216711,98.961385,99.234064,99.344033,99.211131,99.041619,98.801851,,97.910194,100.277755,99.839943,96.205511
Feb 03,99.20419,97.461864,-0.104385,-0.26509,-0.027112,-2.832749,99.120822,98.894606,99.151257,99.228668,99.366085,98.969958,98.757936,,97.892291,100.381355,99.824724,96.269338
Mar 03,99.085492,97.573812,-0.118698,-0.366294,0.111948,-2.719545,99.015102,98.847508,99.082259,99.09961,99.617942,98.90468,98.733155,,97.947221,100.418961,99.63434,96.44343
Abr 03,98.960835,97.840265,-0.124657,-0.502969,0.266453,-2.30242,98.914725,98.820352,99.040262,98.958902,99.941054,98.836487,98.77739,,98.074657,100.399905,99.262945,96.730833
May 03,98.835031,98.198427,-0.125804,-0.652615,0.358162,-1.646322,98.826447,98.805173,99.024997,98.815286,100.316748,98.766522,98.868092,,98.245626,100.370286,98.772841,97.091308
Jun 03,98.713193,98.588968,-0.121838,-0.799318,0.390541,-0.848732,98.755296,98.790729,99.032389,98.681987,100.734119,98.709718,99.040721,,98.437054,100.375719,98.26614,97.471003
Jul 03,98.606506,98.945221,-0.106688,-0.923888,0.356253,-0.055501,98.694195,98.769188,99.052742,98.569392,101.12405,98.674118,99.244872,,98.629461,100.422529,97.836163,97.826993
Ago 03,98.528087,99.24004,-0.078419,-1.013241,0.29482,0.641625,98.654949,98.752323,99.087112,98.48859,101.451229,98.662518,99.458702,,98.813169,100.50435,97.539009,98.154036
Sep 03,98.497422,99.485708,-0.030665,-1.039036,0.245667,1.2337,98.668381,98.760479,99.142983,98.44544,101.681369,98.685772,99.698298,,98.988463,100.591596,97.393039,98.463615
Oct 03,98.518661,99.696141,0.021239,-0.996303,0.210434,1.716854,98.745349,98.811851,99.226346,98.433948,101.821471,98.745191,99.954849,,99.159947,100.657242,97.378234,98.757317
Nov 03,98.584411,99.874361,0.06575,-0.884488,0.17822,2.099951,98.882288,98.910938,99.334693,98.446211,101.89435,98.83146,100.185682,,99.328834,100.686946,97.456545,99.033893
Dic 03,98.684878,100.017219,0.100467,-0.715168,0.142858,2.408112,99.064479,99.061953,99.464417,98.474292,101.923056,98.934561,100.398835,,99.486807,100.693993,97.617519,99.286331
Ene 04,98.796791,100.108625,0.111913,-0.511784,0.091406,2.619649,99.257674,99.237645,99.60565,98.512821,101.956305,99.048983,100.592393,98.536314,99.622676,100.697571,97.857501,99.491989
Feb 04,98.909677,100.172542,0.112886,-0.294513,0.063917,2.710678,99.435543,99.416839,99.75258,98.560826,102.002517,99.178497,100.781812,98.699953,99.715018,100.730465,98.156573,99.62237
Mar 04,99.017294,100.183823,0.107617,-0.068198,0.011281,2.610011,99.577841,99.576808,99.905202,98.61641,102.03522,99.306374,100.960914,98.873496,99.747649,100.801992,98.479075,99.674011
Abr 04,99.106447,100.153424,0.089152,0.145612,-0.030399,2.313159,99.66283,99.680408,100.044115,98.671498,102.031589,99.421883,101.091886,99.065544,99.721983,100.902695,98.785413,99.667524
May 04,99.171948,100.09045,0.065501,0.336917,-0.062974,1.892023,99.698207,99.725283,100.156064,98.721891,102.00133,99.517658,101.132925,99.245644,99.671293,101.000309,99.05676,99.625689
Jun 04,99.215041,100.010013,0.043093,0.501847,-0.080437,1.421045,99.695364,99.726805,100.249586,98.765805,101.958693,99.581422,101.081769,99.384482,99.622631,101.059867,99.297982,99.580614
Jul 04,99.249012,99.930686,0.033971,0.642506,-0.079327,0.985465,99.66714,99.697169,100.339951,98.805159,101.882685,99.624738,100.976439,99.483449,99.597172,101.07148,99.524608,99.548225
Ago 04,99.284013,99.871574,0.035001,0.755926,-0.059111,0.631534,99.640042,99.659879,100.423474,98.842484,101.775364,99.657937,100.845339,99.550466,99.616334,101.033582,99.751291,99.556761
Sep 04,99.335151,99.845299,0.051138,0.837729,-0.026275,0.359592,99.626394,99.631082,100.513088,98.879046,101.607396,99.694032,100.711,99.604377,99.683883,100.956345,99.982244,99.623573
Oct 04,99.395746,99.845337,0.060595,0.877085,3.8e-05,0.149196,99.62969,99.616949,100.594217,98.918227,101.426346,99.744525,100.572751,99.661912,99.779341,100.84879,100.217796,99.73748
Nov 04,99.450257,99.869654,0.054511,0.865846,0.024317,-0.004707,99.638194,99.614516,100.644792,98.963444,101.27164,99.794731,100.483379,99.721756,99.874002,100.72533,100.453819,99.878059
Dic 04,99.49023,99.894956,0.039973,0.805353,0.025302,-0.122263,99.629951,99.619946,100.645766,99.008978,101.117912,99.822269,100.430824,99.779448,99.939441,100.601157,100.679715,100.005982
Ene 05,99.51456,99.898095,0.02433,0.717769,0.003139,-0.21053,99.600236,99.625471,100.613699,99.051187,100.974746,99.830072,100.383167,99.838756,99.950645,100.491863,100.889033,100.095233
Feb 05,99.523365,99.858358,0.008805,0.613688,-0.039737,-0.314184,99.551689,99.623251,100.559321,99.087394,100.844419,99.818237,100.251087,99.907221,99.905217,100.396171,101.079378,100.14739
Mar 05,99.521176,99.794291,-0.002189,0.503882,-0.064067,-0.389532,99.493551,99.608205,100.486382,99.119439,100.722039,99.797618,100.07084,99.981929,99.819916,100.309908,101.240183,100.168375
Abr 05,99.515779,99.737071,-0.005397,0.409333,-0.05722,-0.416353,99.445517,99.587242,100.393753,99.153822,100.610002,99.782451,99.876687,100.054185,99.749734,100.224091,101.361658,100.177923
May 05,99.522475,99.721108,0.006696,0.350528,-0.015963,-0.369342,99.418686,99.567359,100.313261,99.194747,100.48242,99.778835,99.730268,100.112691,99.736369,100.132397,101.43702,100.20214
Jun 05,99.55565,99.759198,0.033175,0.34061,0.03809,-0.250815,99.432161,99.563252,100.261019,99.241946,100.3213,99.800089,99.672015,100.157686,99.786074,100.039605,101.463916,100.245299
Jul 05,99.635704,99.846605,0.080054,0.386692,0.087407,-0.084081,99.51751,99.623275,100.261442,99.296852,100.120372,99.848987,99.719957,100.183987,99.889132,99.955387,101.444212,100.297695
Ago 05,99.773116,99.975279,0.137412,0.489103,0.128675,0.103705,99.678454,99.785058,100.299997,99.362253,99.856689,99.931945,99.863394,100.203832,100.027922,99.885068,101.378512,100.350585
Sep 05,99.943859,100.129756,0.170743,0.608708,0.154476,0.284457,99.890883,100.019083,100.348298,99.434291,99.583306,100.052675,100.026412,100.234257,100.192958,99.820503,101.268374,100.406865
Oct 05,100.121829,100.306318,0.17797,0.726083,0.176562,0.46098,100.135256,100.295076,100.370495,99.51062,99.353859,100.205912,100.205086,100.274284,100.356063,99.746527,101.120625,100.47701
Nov 05,100.293981,100.491612,0.172152,0.843723,0.185295,0.621958,100.395182,100.586443,100.376384,99.591276,99.18049,100.363537,100.353158,100.320411,100.512894,99.666077,100.942636,100.57451
Dic 05,100.441572,100.665929,0.147592,0.951342,0.174317,0.770973,100.644594,100.855207,100.377538,99.679494,99.092121,100.498237,100.459098,100.382964,100.647925,99.610099,100.743675,100.681127
Ene 06,100.557217,100.815374,0.115644,1.042657,0.149445,0.917279,100.85787,101.075279,100.374674,99.778583,99.06849,100.595855,100.549525,100.466043,100.74486,99.610108,100.538188,100.775327
Feb 06,100.643429,100.940279,0.086212,1.120064,0.124905,1.081921,101.009495,101.249857,100.361885,99.887222,99.079236,100.66973,100.672854,100.576808,100.794097,99.681774,100.340822,100.842615
Mar 06,100.713958,101.031221,0.070529,1.192782,0.090942,1.236931,101.123711,101.400614,100.339948,100.002986,99.098054,100.726671,100.830395,100.68257,100.805363,99.820585,100.167576,100.880243
Abr 06,100.772348,101.091693,0.05839,1.256569,0.060472,1.354622,101.21678,101.529361,100.3201,100.121526,99.13117,100.767885,101.002921,100.777022,100.78816,99.98728,100.029393,100.8893
May 06,100.813575,101.138219,0.041228,1.2911,0.046526,1.417111,101.286351,101.634945,100.297013,100.239331,99.191446,100.790309,101.16847,100.866076,100.756958,100.12685,99.930706,100.883869
Jun 06,100.831597,101.183252,0.018022,1.275947,0.045033,1.424053,101.320251,101.70471,100.27467,100.353091,99.285488,100.79069,101.248448,100.954439,100.759405,100.197057,99.871368,100.895588
Jul 06,100.837387,101.244946,0.00579,1.201682,0.061694,1.398341,101.324999,101.737187,100.260054,100.459599,99.368477,100.777144,101.202129,101.060017,100.818129,100.174371,99.844473,100.963575
Ago 06,100.837842,101.334268,0.000455,1.064726,0.089322,1.358989,101.312037,101.736552,100.260132,100.557855,99.429582,100.756076,101.068439,101.183334,100.934531,100.081647,99.842192,101.103753
Sep 06,100.830084,101.445774,-0.007758,0.886225,0.111505,1.316018,101.289823,101.706041,100.271406,100.650588,99.495312,100.726864,100.896307,101.296754,101.100335,99.952215,99.857667,101.308731
Oct 06,100.817835,101.57173,-0.012249,0.696006,0.125956,1.265412,101.269616,101.661191,100.2827,100.741447,99.562656,100.688176,100.726436,101.394739,101.302836,99.81625,99.885735,101.551475
Nov 06,100.809753,101.700849,-0.008082,0.515773,0.129119,1.209236,101.260163,101.617412,100.297104,100.834196,99.625191,100.651309,100.574905,101.496553,101.52142,99.70243,99.923521,101.799921
Dic 06,100.818907,101.824276,0.009154,0.377335,0.123427,1.158347,101.275097,101.590988,100.316054,100.931086,99.660704,100.63399,100.468732,101.607496,101.729009,99.63011,99.969624,102.032888
Ene 07,100.851103,101.939738,0.032196,0.293887,0.115462,1.124364,101.315538,101.60662,100.3389,101.034435,99.668324,100.640534,100.436874,101.722044,101.908443,99.60608,100.022125,102.24019
Feb 07,100.908281,102.047141,0.057177,0.264852,0.107403,1.106862,101.381979,101.663041,100.366251,101.138876,99.636519,100.675856,100.485819,101.819967,102.057768,99.620865,100.078775,102.42546
Mar 07,100.986557,102.138861,0.078277,0.2726,0.09172,1.10764,101.469961,101.73348,100.401,101.239138,99.549475,100.735903,100.556668,101.889934,102.189177,99.654573,100.1384,102.596701
Abr 07,101.079361,102.214772,0.092804,0.307013,0.075911,1.12308,101.563269,101.78549,100.454335,101.332629,99.397222,100.813787,100.624279,101.930893,102.29119,99.683598,100.20097,102.767455
May 07,101.173214,102.26508,0.093852,0.359638,0.050308,1.126861,101.645022,101.810185,100.529574,101.418797,99.217837,100.894728,100.664121,101.951296,102.351854,99.699654,100.264833,102.918465
Jun 07,101.256294,102.300116,0.083081,0.424697,0.035036,1.116865,101.703883,101.807483,100.619294,101.500618,99.046323,100.963076,100.725804,101.979804,102.349492,99.70114,100.324352,103.02517
Jul 07,101.320115,102.326713,0.06382,0.482728,0.026596,1.081767,101.732412,101.783563,100.706536,101.583306,98.913728,101.01511,100.829693,102.025564,102.287051,99.686604,100.379101,103.079241
Ago 07,101.36202,102.337109,0.041906,0.524179,0.010396,1.002841,101.734915,101.748897,100.779278,101.666105,98.855078,101.068919,100.937077,102.079357,102.180954,99.654987,100.431334,103.083909
Sep 07,101.388145,102.331102,0.026124,0.558061,-0.006007,0.885329,101.714332,101.718082,100.832357,101.748682,98.849913,101.126517,101.023968,102.124311,102.048578,99.596545,100.48389,103.055077
Oct 07,101.408963,102.281704,0.020818,0.591128,-0.049398,0.709975,101.677054,101.693324,100.866847,101.829521,98.850313,101.190783,101.021686,102.132406,101.902235,99.512768,100.538877,102.977903
Nov 07,101.437244,102.181039,0.028281,0.62749,-0.100666,0.48019,101.638798,101.686671,100.892303,101.90382,98.830514,101.275297,100.961097,102.060746,101.747865,99.414777,100.595386,102.838687
Dic 07,101.480277,102.037409,0.043033,0.66137,-0.14363,0.213133,101.618118,101.708757,100.918839,101.964273,98.789145,101.387716,100.863154,101.873394,101.608141,99.304884,100.649194,102.659554
Ene 08,101.541661,101.858219,0.061384,0.690557,-0.17919,-0.081519,101.620766,101.74514,100.957647,102.011084,98.704089,101.523463,100.707109,101.590329,101.494852,99.183913,100.701102,102.459377
Feb 08,101.610229,101.658323,0.068568,0.701948,-0.199896,-0.388818,101.639652,101.77598,100.982653,102.043142,98.56507,101.663543,100.477666,101.246674,101.407383,99.050804,100.755363,102.278825
Mar 08,101.670088,101.447281,0.059858,0.68353,-0.211042,-0.69158,101.673783,101.765745,100.984733,102.059054,98.401582,101.795039,100.203274,100.886384,101.319775,98.917841,100.818336,102.126412
Abr 08,101.715692,101.205037,0.045605,0.636331,-0.242245,-1.009736,101.729031,101.733837,100.968518,102.054679,98.257066,101.904424,99.885807,100.532826,101.183008,98.804445,100.89708,101.975705
May 08,101.722333,100.896446,0.006641,0.54912,-0.30859,-1.368634,101.758898,101.675774,100.921826,102.023885,98.17639,101.966805,99.542552,100.187652,100.958679,98.742493,100.997417,101.74971
Jun 08,101.667286,100.464624,-0.055047,0.410992,-0.431822,-1.835492,101.731161,101.566637,100.844978,101.956562,98.19614,101.957807,99.155209,99.797861,100.612148,98.765486,101.121468,101.372967
Jul 08,101.525308,99.879776,-0.141978,0.205193,-0.584849,-2.446937,101.602005,101.36948,100.738959,101.840977,98.325563,101.836125,98.72685,99.303201,100.154233,98.914593,101.262736,100.812916
Ago 08,101.285139,99.128318,-0.240169,-0.076881,-0.751457,-3.20879,101.345483,101.081784,100.610764,101.669757,98.539747,101.542324,98.236004,98.671228,99.614646,99.229014,101.403596,100.063699
Sep 08,100.940574,98.229579,-0.344566,-0.447571,-0.898739,-4.101523,100.95627,100.685638,100.476352,101.439009,98.837464,101.051415,97.711919,97.901875,99.032206,99.72358,101.521885,99.123765
Oct 08,100.490082,97.275936,-0.450491,-0.91888,-0.953643,-5.005769,100.423675,100.168217,100.348684,101.14673,99.230667,100.379316,97.215337,97.072532,98.462525,100.337008,101.597157,98.070073
Nov 08,99.946089,96.419617,-0.543994,-1.491155,-0.856319,-5.761422,99.74546,99.522292,100.233562,100.797024,99.690941,99.567076,96.812002,96.29892,97.983074,100.940035,101.610018,97.07572
Dic 08,99.353348,95.752623,-0.592741,-2.126929,-0.666994,-6.284786,98.966345,98.787513,100.134693,100.403789,100.153367,98.699679,96.513154,95.683186,97.621279,101.461672,101.540913,96.260218
Ene 09,98.772525,95.313706,-0.580823,-2.769136,-0.438918,-6.544513,98.171293,98.03982,100.046103,99.984001,100.585507,97.914196,96.281989,95.304864,97.381711,101.862679,101.374872,95.669929
Feb 09,98.266828,95.143385,-0.505697,-3.343401,-0.170321,-6.514938,97.494719,97.406745,99.956709,99.566708,100.987692,97.286761,96.154399,95.169226,97.311139,102.104454,101.110374,95.331429
Mar 09,97.869704,95.265338,-0.397124,-3.800383,0.121954,-6.181943,97.00215,96.94794,99.86262,99.178008,101.349711,96.848017,96.159921,95.258537,97.438971,102.162162,100.759431,95.281032
Abr 09,97.597097,95.64779,-0.272607,-4.118595,0.382452,-5.557246,96.720716,96.687018,99.75608,98.833833,101.654181,96.611382,96.358328,95.48564,97.725639,102.064212,100.347208,95.51787
May 09,97.461321,96.189279,-0.135776,-4.261013,0.541489,-4.707167,96.661676,96.617347,99.654662,98.54447,101.861645,96.574217,96.747932,95.772683,98.100995,101.900981,99.925511,95.946677
Jun 09,97.45705,96.800825,-0.00427,-4.210236,0.611546,-3.6638,96.803201,96.721455,99.573383,98.31888,101.96381,96.713586,97.301406,96.081961,98.497455,101.72755,99.552473,96.473745
Jul 09,97.547939,97.418492,0.090889,-3.977369,0.617667,-2.461284,97.072547,96.967407,99.512595,98.158868,102.002672,96.969452,97.954771,96.386728,98.878026,101.557888,99.268813,97.037651
Ago 09,97.700075,98.001484,0.152136,-3.585065,0.582991,-1.126835,97.393402,97.293564,99.464564,98.061081,101.972665,97.294439,98.652686,96.686184,99.204551,101.395511,99.090783,97.596821
Sep 09,97.893458,98.521066,0.193383,-3.047115,0.519583,0.291487,97.729226,97.659549,99.429982,98.019208,101.864989,97.649729,99.329498,96.994731,99.461768,101.241683,99.007702,98.098771
Oct 09,98.109317,98.973005,0.215858,-2.380766,0.451939,1.697069,98.049664,98.020455,99.408844,98.029716,101.677523,98.006354,99.963708,97.300673,99.650705,101.074806,98.996182,98.51458
Nov 09,98.326686,99.341797,0.217369,-1.619403,0.368791,2.922179,98.331205,98.34524,99.405825,98.089327,101.46015,98.349371,100.459522,97.60715,99.785159,100.890722,99.031624,98.835387
Dic 09,98.519913,99.639574,0.193227,-0.833434,0.297778,3.886951,98.559436,98.605819,99.420489,98.186417,101.273682,98.64978,100.818514,97.94927,99.862689,100.700112,99.092963,99.062821
Ene 10,98.685047,99.890072,0.165134,-0.087478,0.250498,4.576366,98.741966,98.801059,99.448779,98.306924,101.130752,98.909622,101.099589,98.351921,99.890912,100.524626,99.165669,99.203063
Feb 10,98.837215,100.109248,0.152168,0.570387,0.219176,4.965863,98.909769,98.950893,99.493533,98.439321,100.997754,99.138202,101.308297,98.836896,99.896651,100.378542,99.241262,99.268671
Mar 10,98.971432,100.298438,0.134217,1.101727,0.18919,5.0331,99.065035,99.073794,99.54078,98.572681,100.891988,99.329008,101.467926,99.363438,99.88556,100.268622,99.314387,99.277975
Abr 10,99.078315,100.4307,0.106883,1.481218,0.132261,4.782909,99.195863,99.159384,99.577088,98.698102,100.806185,99.466574,101.563309,99.872526,99.85734,100.211919,99.382098,99.216877
May 10,99.155356,100.497896,0.077041,1.694035,0.067196,4.308617,99.286001,99.195793,99.603378,98.810573,100.720796,99.549446,101.584287,100.320785,99.826978,100.208511,99.442502,99.091134
Jun 10,99.207918,100.529638,0.052562,1.750868,0.031742,3.728814,99.344471,99.196947,99.610176,98.907914,100.637042,99.597738,101.537002,100.685873,99.816344,100.216513,99.495387,98.965928
Jul 10,99.250326,100.564547,0.042408,1.702387,0.034909,3.146055,99.385468,99.177706,99.599675,98.993107,100.546853,99.649765,101.445804,100.967715,99.846328,100.201181,99.541725,98.909654
Ago 10,99.286376,100.629182,0.03605,1.586301,0.064635,2.627698,99.417577,99.151837,99.575132,99.069782,100.477041,99.724464,101.33131,101.181109,99.920164,100.137122,99.583702,98.961717
Sep 10,99.311359,100.733762,0.024983,1.4179,0.10458,2.212695,99.447481,99.121506,99.531411,99.140594,100.461442,99.822796,101.209165,101.33781,100.037014,100.016973,99.623555,99.129381
Oct 10,99.339333,100.859948,0.027974,1.230016,0.126187,1.886943,99.481326,99.103153,99.476768,99.20861,100.457102,99.947025,101.049888,101.453186,100.172082,99.844462,99.662692,99.386708
Nov 10,99.379413,100.992935,0.04008,1.052727,0.132987,1.651139,99.527075,99.107989,99.422498,99.272985,100.427488,100.082285,100.901185,101.533877,100.290194,99.649674,99.702549,99.689383
Dic 10,99.438893,101.117477,0.05948,0.91898,0.124542,1.477903,99.584295,99.142107,99.394393,99.332167,100.351876,100.218999,100.799588,101.579847,100.365232,99.45838,99.743012,99.994445
Ene 11,99.51178,101.217895,0.072886,0.826733,0.100418,1.327823,99.642423,99.196121,99.375062,99.384793,100.214787,100.346661,100.753267,101.595816,100.383501,99.285108,99.783203,100.256505
Feb 11,99.586317,101.283951,0.074537,0.749103,0.066056,1.174703,99.700738,99.269543,99.359846,99.430361,100.069248,100.458514,100.763402,101.589565,100.358046,99.150021,99.823812,100.435381
Mar 11,99.661332,101.302591,0.075015,0.6899,0.01864,1.004152,99.762776,99.368428,99.371391,99.468545,99.953268,100.55405,100.806973,101.564479,100.300133,99.067115,99.865314,100.504211
Abr 11,99.732378,101.267279,0.071046,0.654063,-0.035311,0.83658,99.834366,99.4887,99.405869,99.497806,99.893018,100.63803,100.863752,101.521606,100.217377,99.047814,99.906922,100.460345
May 11,99.797217,101.170112,0.06484,0.641862,-0.097168,0.672216,99.936494,99.630185,99.4457,99.517451,99.905256,100.712082,100.914184,101.457888,100.120742,99.110263,99.947074,100.301915
Jun 11,99.860779,101.012519,0.063561,0.652861,-0.157593,0.482881,100.055366,99.780669,99.491869,99.532777,99.925784,100.75947,100.955688,101.36094,100.021502,99.262672,99.984689,100.045253
Jul 11,99.926834,100.805904,0.066055,0.676508,-0.206615,0.241357,100.18013,99.930884,99.552901,99.549107,99.916354,100.769444,100.982817,101.227638,99.9234,99.501452,100.019657,99.734997
Ago 11,100.001035,100.576113,0.0742,0.714659,-0.229791,-0.053069,100.302255,100.090452,99.639684,99.570215,99.872116,100.753206,101.019819,101.061655,99.838531,99.812797,100.053457,99.417348
Sep 11,100.08285,100.37652,0.081816,0.771492,-0.199593,-0.357242,100.410591,100.265147,99.748826,99.599389,99.810532,100.730717,101.074465,100.895736,99.781573,100.139056,100.087436,99.18443
Oct 11,100.168677,100.251459,0.085827,0.829344,-0.125061,-0.608489,100.50774,100.456892,99.870052,99.637465,99.751735,100.706738,101.16615,100.746127,99.768951,100.405066,100.122765,99.079281
Nov 11,100.254464,100.210455,0.085787,0.87505,-0.041004,-0.782481,100.599306,100.641121,99.999784,99.684757,99.710406,100.695379,101.292182,100.624368,99.785332,100.562798,100.158665,99.095798
Dic 11,100.3333,100.23443,0.078836,0.894407,0.023975,-0.883048,100.681257,100.793208,100.13354,99.741509,99.691522,100.695622,101.410419,100.533795,99.820078,100.609642,100.193802,99.206764
Ene 12,100.394159,100.305032,0.060859,0.882379,0.070602,-0.912863,100.752972,100.901147,100.251953,99.804978,99.711942,100.697007,101.528913,100.472404,99.868376,100.576061,100.227592,99.370815
Feb 12,100.433301,100.369166,0.039142,0.846984,0.064134,-0.914785,100.801695,100.968363,100.343769,99.86977,99.754248,100.68705,101.59571,100.408679,99.92626,100.518806,100.260668,99.530353
Mar 12,100.456483,100.376867,0.023182,0.795151,0.007701,-0.925724,100.823855,101.004983,100.398422,99.931064,99.765761,100.654299,101.556125,100.324608,99.986683,100.498351,100.294543,99.636624
Abr 12,100.466071,100.322598,0.009588,0.733693,-0.054269,-0.944681,100.821764,101.017521,100.418693,99.98683,99.749911,100.605926,101.420716,100.2306,100.0383,100.5229,100.331268,99.669089
May 12,100.462091,100.24799,-0.00398,0.664874,-0.074609,-0.922122,100.802062,101.004797,100.413961,100.041283,99.72133,100.537653,101.267194,100.149665,100.082959,100.552714,100.372964,99.646215
Jun 12,100.451752,100.19502,-0.01034,0.590973,-0.05297,-0.817499,100.777497,100.970435,100.394821,100.096492,99.683917,100.464907,101.118442,100.106215,100.131382,100.530672,100.419403,99.612749
Jul 12,100.432101,100.178636,-0.01965,0.505267,-0.016383,-0.627268,100.743601,100.903814,100.370633,100.149178,99.673507,100.415927,100.956772,100.11601,100.17819,100.424936,100.469358,99.599927
Ago 12,100.401026,100.197301,-0.031075,0.399991,0.018665,-0.378812,100.698623,100.795328,100.355277,100.196955,99.709415,100.397993,100.794263,100.179137,100.226603,100.257915,100.519873,99.60594
Sep 12,100.361252,100.249281,-0.039774,0.278401,0.05198,-0.127239,100.653655,100.66385,100.325709,100.238385,99.784696,100.414017,100.664795,100.280395,100.287471,100.053964,100.566872,99.614937
Oct 12,100.303975,100.329951,-0.057276,0.135298,0.08067,0.078492,100.60564,100.508824,100.26201,100.271204,99.908417,100.449321,100.590856,100.40825,100.355763,99.834435,100.604819,99.619083
Nov 12,100.236178,100.426382,-0.067798,-0.018286,0.096432,0.215927,100.548644,100.360917,100.175342,100.295719,100.052815,100.479223,100.53594,100.548273,100.421986,99.613712,100.626549,99.636791
Dic 12,100.16567,100.535729,-0.070508,-0.16763,0.109347,0.301299,100.465217,100.219762,100.087265,100.311138,100.174945,100.501792,100.473692,100.694777,100.47326,99.396663,100.624496,99.699408
Ene 13,100.103447,100.626346,-0.062222,-0.290711,0.090617,0.321314,100.359909,100.088888,100.025711,100.314671,100.248327,100.519201,100.31421,100.845915,100.486619,99.198302,100.59299,99.810318
Feb 13,100.047256,100.680687,-0.056192,-0.386045,0.054341,0.311521,100.243815,99.961418,99.97709,100.304761,100.261794,100.518529,100.059382,100.978925,100.446606,99.03193,100.530526,99.950709
Mar 13,99.991447,100.704513,-0.055808,-0.465036,0.023826,0.327646,100.130933,99.829155,99.934959,100.281423,100.239719,100.49299,99.781265,101.071487,100.360192,98.906833,100.444049,100.101997
Abr 13,99.941162,100.69772,-0.050285,-0.524909,-0.006793,0.375122,100.033482,99.71278,99.895349,100.246501,100.183052,100.441688,99.525713,101.117273,100.242251,98.840951,100.353713,100.247464
May 13,99.904538,100.654627,-0.036625,-0.557554,-0.043093,0.406638,99.959455,99.629597,99.859732,100.20246,100.08159,100.370978,99.29205,101.109004,100.116492,98.849161,100.271697,100.376851
Jun 13,99.868577,100.580088,-0.035961,-0.583175,-0.07454,0.385068,99.899371,99.564835,99.816146,100.151369,99.988404,100.294936,99.078492,101.039053,100.000262,98.910831,100.196804,100.478973
Jul 13,99.833463,100.508926,-0.035114,-0.598638,-0.071161,0.33029,99.854653,99.527833,99.759885,100.095988,99.914632,100.216912,98.925603,100.916336,99.906029,98.974934,100.121036,100.565612
Ago 13,99.794623,100.45426,-0.038841,-0.606403,-0.054666,0.256959,99.822395,99.516475,99.687677,100.039442,99.882692,100.138756,98.833864,100.750172,99.836815,99.018914,100.034604,100.641662
Sep 13,99.750323,100.430229,-0.0443,-0.610929,-0.024031,0.180948,99.793025,99.521102,99.613501,99.98276,99.909736,100.072091,98.802589,100.562709,99.795382,99.028266,99.934584,100.719398
Oct 13,99.706815,100.436881,-0.043508,-0.597161,0.006652,0.10693,99.769323,99.554152,99.54355,99.927986,99.996787,100.029666,98.811201,100.385318,99.769168,98.995935,99.831434,100.804153
Nov 13,99.663009,100.462599,-0.043806,-0.573169,0.025718,0.036217,99.755271,99.61119,99.482086,99.87616,100.163136,100.019786,98.832548,100.250938,99.740107,98.935008,99.73732,100.889144
Dic 13,99.623464,100.478394,-0.039544,-0.542206,0.015796,-0.057334,99.762774,99.700863,99.430157,99.828113,100.415345,100.052249,98.802265,100.169705,99.694822,98.862491,99.662618,100.958843
Ene 14,99.605518,100.480551,-0.017946,-0.497929,0.002156,-0.145795,99.796195,99.826043,99.399823,99.787652,100.675654,100.123755,98.728733,100.125374,99.640129,98.790852,99.603942,101.009213
Feb 14,99.620919,100.503286,0.015401,-0.426337,0.022736,-0.1774,99.86736,99.983569,99.400332,99.760356,100.883808,100.216677,98.687654,100.123506,99.605774,98.717893,99.550165,101.046443
Mar 14,99.655263,100.572202,0.034344,-0.336184,0.068916,-0.132311,99.953375,100.153452,99.421667,99.747268,101.04807,100.310077,98.733374,100.148098,99.619577,98.638488,99.486075,101.081657
Abr 14,99.696242,100.672218,0.040979,-0.24492,0.100017,-0.025502,100.034998,100.295257,99.452464,99.745095,101.14891,100.389486,98.803474,100.192961,99.680053,98.554901,99.397633,101.115711
May 14,99.731439,100.790944,0.035197,-0.173099,0.118726,0.136317,100.093756,100.384612,99.476305,99.746015,101.178974,100.444756,98.859418,100.258347,99.776528,98.476013,99.277788,101.152189
Jun 14,99.75174,100.914502,0.020301,-0.116837,0.123558,0.334415,100.116451,100.419364,99.491794,99.744907,101.16376,100.471961,98.889866,100.3453,99.888969,98.411861,99.133869,101.185801
Jul 14,99.764541,101.021979,0.012801,-0.068923,0.107477,0.513053,100.111925,100.412135,99.503511,99.741414,101.090719,100.474492,98.908968,100.437113,99.991218,98.371735,98.994959,101.203777
Ago 14,99.784426,101.094589,0.019886,-0.010196,0.07261,0.640329,100.087493,100.392867,99.518345,99.737787,100.930977,100.459157,98.934255,100.502282,100.059506,98.367325,98.880936,101.203697
Sep 14,99.813525,101.116086,0.029099,0.063203,0.021497,0.685857,100.066044,100.382709,99.543906,99.737934,100.720557,100.418398,98.947836,100.515265,100.077054,98.406216,98.796458,101.195996
Oct 14,99.851372,101.081665,0.037847,0.144558,-0.03442,0.644785,100.054218,100.374417,99.594386,99.745088,100.494712,100.368032,98.937852,100.461482,100.049046,98.496641,98.738402,101.188795
Nov 14,99.889849,101.005661,0.038477,0.226841,-0.076004,0.543062,100.04597,100.352542,99.665059,99.758756,100.274444,100.310085,98.929418,100.335705,99.991501,98.639825,98.69978,101.195104
Dic 14,99.917377,100.913227,0.027528,0.293913,-0.092434,0.434832,100.042782,100.321414,99.745074,99.777052,100.10637,100.232938,98.981546,100.156682,99.930987,98.832921,98.672764,101.195823
Ene 15,99.935064,100.833109,0.017687,0.329545,-0.080117,0.352559,100.053675,100.296368,99.830244,99.797504,100.020909,100.155544,99.115207,99.957003,99.894579,99.046823,98.650132,101.183716
Feb 15,99.952816,100.769127,0.017752,0.331897,-0.063983,0.26584,100.084022,100.294732,99.909292,99.817672,99.993785,100.100401,99.279213,99.763444,99.898994,99.264344,98.626881,101.158959
Mar 15,99.976401,100.702337,0.023585,0.321138,-0.06679,0.130135,100.130533,100.319843,99.979212,99.83668,99.998238,100.077033,99.398883,99.596346,99.925972,99.474709,98.600124,101.108284
Abr 15,100.004744,100.640349,0.028343,0.308502,-0.061988,-0.03187,100.186973,100.382161,100.043758,99.853525,100.034975,100.07313,99.516049,99.458945,99.962175,99.673972,98.568827,101.023902
May 15,100.036506,100.578452,0.031762,0.305067,-0.061897,-0.212493,100.242303,100.474625,100.106733,99.870089,100.089377,100.078951,99.643069,99.353935,99.98979,99.868169,98.533605,100.897183
Jun 15,100.077262,100.513106,0.040755,0.325522,-0.065345,-0.401396,100.304127,100.604878,100.168608,99.887627,100.132016,100.079464,99.79485,99.275858,99.996216,100.060364,98.496637,100.722934
Jul 15,100.116252,100.443556,0.03899,0.351711,-0.06955,-0.578423,100.36113,100.75284,100.224451,99.905023,100.163409,100.052077,99.968686,99.220967,99.976736,100.245093,98.46169,100.507767
Ago 15,100.139354,100.370989,0.023102,0.354927,-0.072567,-0.723601,100.390851,100.875865,100.263607,99.919095,100.178177,99.990887,100.13088,99.193749,99.937908,100.406011,98.434055,100.267885
Sep 15,100.134325,100.305068,-0.005029,0.3208,-0.065921,-0.811018,100.378024,100.935262,100.284649,99.926748,100.180738,99.88988,100.261252,99.196096,99.8952,100.527076,98.420169,100.033387
Oct 15,100.098095,100.251309,-0.03623,0.246723,-0.053759,-0.830357,100.30473,100.897003,100.299052,99.928811,100.163692,99.764029,100.359718,99.223141,99.862802,100.613973,98.428941,99.830727
Nov 15,100.048669,100.185969,-0.049426,0.15882,-0.06534,-0.819692,100.203707,100.802066,100.324722,99.926316,100.129359,99.62432,100.415724,99.251749,99.841863,100.697748,98.4707,99.643295
Dic 15,99.99739,100.10053,-0.051279,0.080012,-0.085439,-0.812696,100.109448,100.687725,100.371951,99.92084,100.113704,99.486923,100.436515,99.270729,99.844366,100.800136,98.550743,99.457644
Ene 16,99.962271,100.008445,-0.035119,0.027207,-0.092085,-0.824664,100.033732,100.564657,100.437756,99.915528,100.06032,99.374187,100.430038,99.282495,99.878814,100.915398,98.663965,99.295395
Feb 16,99.940047,99.933734,-0.022224,-0.01277,-0.074712,-0.835393,99.977961,100.439752,100.509896,99.912856,99.990819,99.290822,100.388748,99.296602,99.943274,101.013894,98.79724,99.205272
Mar 16,99.931646,99.889924,-0.008401,-0.044755,-0.043809,-0.812413,99.939135,100.32016,100.590999,99.917341,99.914817,99.240371,100.322816,99.328655,100.029896,101.090225,98.933442,99.198411
Abr 16,99.941116,99.869186,0.00947,-0.063628,-0.020739,-0.771163,99.928348,100.224722,100.682113,99.934405,99.847681,99.22458,100.274831,99.380957,100.119969,101.178604,99.058642,99.238952
May 16,99.965794,99.851091,0.024678,-0.070712,-0.018094,-0.72736,99.949658,100.162078,100.781951,99.963785,99.804922,99.23282,100.245444,99.441519,100.203927,101.297652,99.179926,99.295544
Jun 16,100.00811,99.830062,0.042316,-0.069151,-0.021029,-0.683044,99.998912,100.133649,100.88436,100.002612,99.761669,99.265654,100.246641,99.493708,100.276567,101.431714,99.312166,99.355939
Jul 16,100.062785,99.79318,0.054674,-0.053467,-0.036882,-0.650376,100.070386,100.14632,100.974757,100.046572,99.724226,99.317403,100.254928,99.522723,100.330759,101.56255,99.466941,99.409644
Ago 16,100.127558,99.734492,0.064773,-0.011796,-0.058688,-0.636497,100.163886,100.202135,101.049884,100.093063,99.692379,99.379154,100.268812,99.529226,100.358826,101.695303,99.64057,99.443888
Sep 16,100.203039,99.652135,0.075481,0.068714,-0.082357,-0.652933,100.270771,100.296429,101.096947,100.13986,99.631556,99.448081,100.297718,99.510124,100.356587,101.834426,99.840971,99.461802
Oct 16,100.288521,99.55369,0.085483,0.190426,-0.098445,-0.697619,100.374695,100.416139,101.101778,100.183591,99.48962,99.515027,100.335448,99.458565,100.331218,101.961214,100.073258,99.484606
Nov 16,100.371253,99.465417,0.082732,0.322584,-0.088272,-0.720552,100.46336,100.545152,101.053499,100.222783,99.303018,99.585433,100.402915,99.384706,100.296212,102.055508,100.322485,99.532756
Dic 16,100.441919,99.412018,0.070665,0.444529,-0.053399,-0.688513,100.526073,100.652855,100.960346,100.258677,99.083732,99.650679,100.48506,99.29907,100.280024,102.064859,100.573451,99.609023
Ene 17,100.494632,99.430355,0.052713,0.532361,0.018337,-0.57809,100.552497,100.726413,100.835273,100.293792,98.850228,99.703809,100.63214,99.228288,100.294952,101.94158,100.80574,99.696671
Feb 17,100.521017,99.539208,0.026386,0.580971,0.108853,-0.394525,100.542199,100.750799,100.702366,100.332558,98.665977,99.748104,100.852252,99.216216,100.341278,101.665439,101.00678,99.782256
Mar 17,100.520331,99.715665,-0.000687,0.588685,0.176457,-0.174259,100.509739,100.729223,100.575012,100.378673,98.577077,99.790616,101.081772,99.295901,100.414549,101.282968,101.169872,99.853337
Abr 17,100.5044,99.911632,-0.015931,0.563284,0.195966,0.042446,100.462826,100.664028,100.46638,100.429921,98.547087,99.840459,101.238397,99.455246,100.499217,100.865309,101.294817,99.907456
May 17,100.485453,100.099348,-0.018946,0.519659,0.187716,0.248257,100.413059,100.583629,100.373394,100.483996,98.552368,99.908192,101.304899,99.668685,100.580839,100.469044,101.383222,99.954126
Jun 17,100.467064,100.244655,-0.01839,0.458953,0.145307,0.414593,100.374678,100.5061,100.295519,100.540134,98.596128,99.986108,101.224725,99.902114,100.649068,100.125169,101.439167,99.999247
Jul 17,100.45244,100.328353,-0.014624,0.389656,0.083698,0.535173,100.356267,100.446362,100.233488,100.593187,98.677052,100.071859,101.004863,100.120949,100.689155,99.868018,101.464711,100.048269
Ago 17,100.452349,100.350555,-9.2e-05,0.324791,0.022203,0.616064,100.379632,100.424528,100.181716,100.639926,98.769868,100.167662,100.701399,100.296408,100.689284,99.717373,101.464385,100.110311
Sep 17,100.470616,100.331419,0.018267,0.267577,-0.019136,0.679284,100.443537,100.441202,100.141308,100.680515,98.843898,100.263737,100.392656,100.420634,100.649957,99.666714,101.447774,100.194255
Oct 17,100.516444,100.29451,0.045828,0.227922,-0.03691,0.74082,100.559666,100.501744,100.113959,100.717894,98.871287,100.362334,100.137233,100.494749,100.585485,99.685793,101.425817,100.296589
Nov 17,100.578334,100.268147,0.061891,0.207081,-0.026363,0.802729,100.698017,100.579009,100.098971,100.756268,98.859541,100.459892,99.964138,100.54919,100.518099,99.723131,101.407829,100.401516
Dic 17,100.643751,100.271132,0.065417,0.201833,0.002985,0.859114,100.827213,100.65092,100.096317,100.799292,98.831816,100.558842,99.899615,100.612085,100.462701,99.752322,101.399015,100.490281
Ene 18,100.698835,100.283649,0.055083,0.204203,0.012517,0.853294,100.929826,100.701616,100.094047,100.848305,98.809579,100.646552,99.890679,100.687926,100.411197,99.770194,101.397808,100.539188
Feb 18,100.749269,100.291727,0.050434,0.228251,0.008078,0.752519,101.01473,100.743151,100.090066,100.903266,98.78988,100.733264,99.921326,100.767643,100.360736,99.789751,101.399643,100.531375
Mar 18,100.794793,100.296604,0.045524,0.274462,0.004877,0.580939,101.079754,100.779422,100.0879,100.960851,98.770734,100.813605,99.995718,100.828406,100.328687,99.832861,101.400185,100.49044
Abr 18,100.83579,100.294178,0.040997,0.33139,-0.002426,0.382546,101.122948,100.819922,100.082807,101.017018,98.742182,100.881008,100.088421,100.850482,100.323425,99.904284,101.398875,100.441785
May 18,100.883149,100.291504,0.047359,0.397695,-0.002674,0.192156,101.16205,100.880134,100.084532,101.068626,98.692889,100.945593,100.188819,100.850342,100.332168,99.988616,101.39799,100.406067
Jun 18,100.923196,100.303943,0.040047,0.456132,0.012439,0.059288,101.193735,100.929644,100.094683,101.113769,98.65802,100.999612,100.283258,100.858654,100.350925,100.030436,101.399944,100.375843
Jul 18,100.953097,100.328727,0.029901,0.500656,0.024784,0.000375,101.218068,100.951699,100.11191,101.152758,98.626366,101.033632,100.370237,100.898216,100.344447,100.002699,101.404675,100.327271
Ago 18,100.964643,100.335658,0.011546,0.512294,0.006931,-0.014898,101.224545,100.934167,100.137896,101.183695,98.617047,101.043422,100.451297,100.952082,100.280123,99.946867,101.410523,100.232906
Sep 18,100.956279,100.302747,-0.008364,0.485662,-0.032911,-0.028673,101.202244,100.881029,100.174839,101.203493,98.630238,101.028239,100.524302,101.004263,100.150422,99.897031,101.419471,100.07061
Oct 18,100.917042,100.221613,-0.039236,0.400599,-0.081133,-0.072896,101.14791,100.78398,100.215595,101.210982,98.702747,100.983073,100.533258,101.062335,99.975185,99.857369,101.434457,99.844233
Nov 18,100.848898,100.110077,-0.068144,0.270564,-0.111536,-0.158069,101.070004,100.668397,100.245998,101.20839,98.843319,100.905822,100.421271,101.135696,99.810618,99.815563,101.456125,99.601656
Dic 18,100.77143,100.014285,-0.077468,0.127679,-0.095792,-0.256847,100.986413,100.567977,100.263556,101.200657,99.007141,100.807857,100.220718,101.232864,99.697534,99.740854,101.479767,99.401784
Ene 19,100.710212,99.961318,-0.061218,0.011378,-0.052968,-0.322331,100.90861,100.497751,100.276566,101.194131,99.118035,100.715774,99.971486,101.354525,99.643334,99.641769,101.497774,99.300774
Feb 19,100.661047,99.932525,-0.049165,-0.088222,-0.028792,-0.359202,100.830767,100.45314,100.283273,101.19272,99.195264,100.633468,99.684249,101.468152,99.627569,99.554343,101.503411,99.299046
Mar 19,100.622052,99.922007,-0.038995,-0.172741,-0.010518,-0.374597,100.75335,100.422245,100.281673,101.198031,99.239897,100.563245,99.42711,101.551044,99.637182,99.492882,101.495915,99.35515
Abr 19,100.597974,99.914979,-0.024077,-0.237816,-0.007028,-0.379198,100.697059,100.408371,100.281377,101.209262,99.255569,100.502645,99.219936,101.583581,99.655733,99.458901,101.476748,99.431761
May 19,100.579406,99.894279,-0.018568,-0.303743,-0.0207,-0.397224,100.661816,100.388246,100.284323,101.222569,99.261787,100.443481,99.055898,101.547676,99.668656,99.449331,101.446445,99.50038
Jun 19,100.565477,99.881705,-0.013929,-0.357718,-0.012574,-0.422238,100.646907,100.351666,100.286714,101.233733,99.242632,100.383873,99.000445,101.441245,99.679993,99.450913,101.403343,99.561727
Jul 19,100.542736,99.887915,-0.022741,-0.410361,0.00621,-0.440812,100.635819,100.270376,100.279551,101.237004,99.21309,100.322616,99.047498,101.292524,99.692527,99.449946,101.344632,99.614972
Ago 19,100.500444,99.906528,-0.042292,-0.464199,0.018612,-0.42913,100.616084,100.138318,100.25724,101.22696,99.189075,100.24474,99.138111,101.126542,99.713957,99.443313,101.267954,99.656664
Sep 19,100.427479,99.913058,-0.072965,-0.528799,0.006531,-0.389688,100.570925,99.956729,100.212354,101.196122,99.194183,100.141689,99.168932,100.944592,99.726751,99.422166,101.172804,99.70373
Oct 19,100.317559,99.900102,-0.109921,-0.599484,-0.012957,-0.321512,100.483885,99.738558,100.144186,101.130806,99.238233,100.005824,99.172121,100.73086,99.711406,99.403437,101.059502,99.748221
Nov 19,100.169703,99.84818,-0.147856,-0.679196,-0.051921,-0.261897,100.357631,99.519688,100.045353,101.012468,99.324172,99.821956,99.17484,100.459774,99.651021,99.431031,100.926581,99.773528
Dic 19,99.965736,99.711426,-0.203966,-0.805694,-0.136754,-0.302859,100.18014,99.300033,99.895624,100.819419,99.482121,99.571948,99.134166,100.09571,99.535528,99.558414,100.767879,99.740634
Ene 20,99.681277,99.461113,-0.284459,-1.028935,-0.250313,-0.500205,99.940834,99.075432,99.681131,100.531006,99.777096,99.232862,99.044944,99.610316,99.357167,99.832119,100.574409,99.618789
Feb 20,99.309196,99.105575,-0.372081,-1.351851,-0.355538,-0.826951,99.635691,98.826033,99.414175,100.137542,100.2103,98.787033,98.941948,99.002395,99.126577,100.268294,100.335938,99.401491
Mar 20,98.879049,98.694425,-0.430147,-1.743003,-0.41115,-1.227583,99.315038,98.576259,99.128307,99.658266,100.762096,98.253626,98.804221,98.320793,98.891723,100.809561,100.044901,99.13732
Abr 20,92.438008,98.355867,-6.441041,-8.159967,-0.338557,-1.559112,87.076124,85.512025,92.075719,99.136893,101.436864,95.556694,98.67305,97.675002,98.718901,101.290001,99.704982,98.936102
May 20,91.596153,98.194945,-0.841855,-8.983253,-0.160922,-1.699334,86.054305,85.468962,92.07337,98.631197,102.118757,93.073734,98.595013,97.20862,98.615429,101.576836,99.334972,98.887022
Jun 20,94.782695,98.225422,3.186542,-5.782782,0.030477,-1.656283,92.067036,93.293133,94.523594,98.202202,102.713129,95.743156,98.591293,96.970237,98.578009,101.655069,98.959307,98.985478
Jul 20,95.354324,98.411333,0.571629,-5.188412,0.18591,-1.476582,93.726494,94.067013,95.701256,97.880655,103.122046,96.079625,98.68841,96.925134,98.594399,101.571462,98.599131,99.182517
Ago 20,95.999397,98.711405,0.645073,-4.501047,0.300072,-1.195123,94.887178,95.357475,96.283112,97.664091,103.334912,97.106389,98.885359,97.015931,98.667708,101.359907,98.274146,99.429566
Sep 20,96.563051,99.084317,0.563654,-3.864428,0.372912,-0.828741,96.065577,96.569403,96.895595,97.53728,103.386234,97.453835,99.166437,97.187137,98.802978,101.060557,97.996454,99.687424
Oct 20,97.081624,99.485807,0.518573,-3.235934,0.40149,-0.414295,97.067708,97.526778,97.459044,97.483351,103.327991,97.844987,99.474293,97.385947,98.998405,100.722506,97.772298,99.954686
Nov 20,97.505848,99.884748,0.424224,-2.663854,0.398941,0.036567,97.813734,98.166375,97.962907,97.483677,103.218996,98.233623,99.771334,97.586925,99.244445,100.394326,97.600083,100.232216
Dic 20,97.821558,100.250022,0.31571,-2.144178,0.365274,0.538595,98.305185,98.513998,98.408996,97.523896,103.104657,98.570647,100.040225,97.779211,99.500768,100.127633,97.468677,100.510231
Ene 21,98.047059,100.564059,0.225501,-1.634218,0.314037,1.102946,98.599205,98.651777,98.81255,97.599432,103.019589,98.843762,100.260968,97.970084,99.744534,99.953828,97.365648,100.776233
Feb 21,98.224454,100.836647,0.177395,-1.084742,0.272587,1.731072,98.760508,98.675409,99.167191,97.720494,102.905384,99.067261,100.439602,98.183259,99.979458,99.871509,97.284236,101.025897
Mar 21,98.379317,101.087781,0.154864,-0.499732,0.251134,2.393356,98.840088,98.655408,99.448131,97.90008,102.770952,99.284261,100.611608,98.434737,100.201202,99.850319,97.22728,101.260797
Abr 21,98.512146,101.31413,0.132829,6.074139,0.22635,2.958263,98.8371,98.597115,99.628309,98.143474,102.608069,99.506621,100.761999,98.709823,100.397587,99.858057,97.201321,101.484427
May 21,98.629189,101.493692,0.117043,7.033036,0.179562,3.298747,98.767016,98.519902,99.729484,98.44133,102.41672,99.72223,100.858559,98.983236,100.559976,99.893686,97.211375,101.682973
Jun 21,98.725348,101.610782,0.096159,3.942653,0.11709,3.38536,98.651916,98.453154,99.777843,98.755976,102.245137,99.910652,100.87585,99.230737,100.676659,99.952899,97.260769,101.856973
Jul 21,98.805928,101.661897,0.08058,3.451604,0.051115,3.250564,98.523531,98.421107,99.804259,99.048254,102.107648,100.06839,100.814893,99.43047,100.751926,100.030564,97.349196,102.004222
Ago 21,98.882314,101.652403,0.076385,2.882917,-0.009494,2.940998,98.422604,98.439602,99.829901,99.291479,101.984296,100.188481,100.695469,99.582541,100.789044,100.126421,97.469681,102.114795
Sep 21,98.972356,101.596349,0.090042,2.409305,-0.056054,2.512032,98.391453,98.523936,99.863509,99.479175,101.864353,100.300791,100.545911,99.712438,100.788341,100.236931,97.617914,102.180242
Oct 21,99.091633,101.509516,0.119277,2.010008,-0.086833,2.023709,98.449526,98.698481,99.909141,99.618077,101.741478,100.432031,100.386218,99.836997,100.769083,100.355775,97.792419,102.196909
Nov 21,99.239348,101.409011,0.147715,1.7335,-0.100505,1.524263,98.583315,98.950447,99.972293,99.721377,101.619014,100.588669,100.256376,99.955989,100.74695,100.461955,97.989796,102.150196
Dic 21,99.408108,101.29749,0.16876,1.58655,-0.111521,1.047468,98.766127,99.252224,100.057797,99.800225,101.494387,100.764847,100.171727,100.07133,100.730522,100.540389,98.208354,102.007651
Ene 22,99.591385,101.168042,0.183277,1.544327,-0.129448,0.603982,98.970637,99.559568,100.173111,99.862622,101.341838,100.954178,100.12999,100.180563,100.69997,100.587053,98.442981,101.75827
Feb 22,99.78631,101.015456,0.194925,1.561856,-0.152586,0.178809,99.172735,99.832224,100.325036,99.912885,101.131597,101.163991,100.120627,100.283659,100.643866,100.616813,98.689977,101.415246
Mar 22,99.982285,100.825337,0.195975,1.602967,-0.190119,-0.262444,99.358719,100.054727,100.483331,99.953719,100.838256,101.365937,100.118806,100.355092,100.538553,100.637243,98.947277,101.003139
Abr 22,100.149021,100.605625,0.166736,1.636874,-0.219712,-0.708506,99.514899,100.212389,100.612968,99.989208,100.547023,101.534089,100.135434,100.409727,100.369189,100.650982,99.214083,100.543048
May 22,100.272487,100.372562,0.123466,1.643297,-0.233063,-1.121131,99.636751,100.306984,100.717916,100.02222,100.317165,101.644665,100.189094,100.444945,100.162862,100.66827,99.48934,100.063088
Jun 22,100.358224,100.144946,0.085738,1.632876,-0.227615,-1.465836,99.739271,100.364155,100.797138,100.057293,100.145127,101.681153,100.264195,100.450859,99.94708,100.677583,99.773906,99.622372
Jul 22,100.417837,99.942064,0.059612,1.611908,-0.202882,-1.719833,99.845064,100.416245,100.855715,100.095591,100.014042,101.630796,100.335159,100.427746,99.767257,100.661862,100.063891,99.253614
Ago 22,100.458722,99.777309,0.040885,1.576408,-0.164755,-1.875094,99.95969,100.475021,100.899606,100.136804,99.919135,101.507476,100.383775,100.391661,99.652049,100.599361,100.349731,98.950253
Sep 22,100.490516,99.659769,0.031794,1.51816,-0.11754,-1.93658,100.081,100.549796,100.923189,100.179837,99.838951,101.343523,100.430545,100.347957,99.629325,100.490913,100.624218,98.687028
Oct 22,100.525271,99.603609,0.034755,1.433638,-0.05616,-1.905906,100.205604,100.656071,100.933184,100.222659,99.750037,101.166503,100.482495,100.314535,99.693541,100.337616,100.881013,98.49336
Nov 22,100.572761,99.602353,0.04749,1.333413,-0.001257,-1.806659,100.322531,100.791385,100.931932,100.263781,99.610245,101.001868,100.524667,100.301948,99.800539,100.143441,101.109683,98.386508
Dic 22,100.627015,99.646988,0.054254,1.218907,0.044635,-1.650502,100.415127,100.925472,100.928644,100.305966,99.439331,100.870706,100.575517,100.31952,99.920072,99.924505,101.303159,98.343484
Ene 23,100.67712,99.735154,0.050105,1.085735,0.088166,-1.432887,100.469904,101.028024,100.921182,100.351294,99.245528,100.763686,100.64361,100.375696,100.043593,99.688456,101.456207,98.349114
Feb 23,100.718018,99.84385,0.040898,0.931708,0.108696,-1.171605,100.498619,101.108626,100.914412,100.400924,99.067223,100.663368,100.714411,100.46012,100.138979,99.450825,101.569141,98.388334
Mar 23,100.756107,99.952709,0.038089,0.773822,0.108859,-0.872628,100.532422,101.189325,100.919381,100.451343,98.927182,100.567792,100.766356,100.548361,100.201541,99.224676,101.64327,98.448408
Abr 23,100.796855,100.05237,0.040748,0.647834,0.099661,-0.553255,100.589925,101.283764,100.944665,100.495799,98.829159,100.477409,100.78027,100.632198,100.225934,99.016584,101.681604,98.535862
May 23,100.839394,100.13343,0.042539,0.566907,0.08106,-0.239132,100.661766,101.388892,100.979837,100.530697,98.743075,100.383687,100.744827,100.714227,100.211562,98.832268,101.689322,98.634966
Jun 23,100.873734,100.195624,0.03434,0.51551,0.062194,0.050677,100.740786,101.493341,101.015555,100.55323,98.698721,100.290873,100.670756,100.803232,100.172665,98.681269,101.674991,98.729158
Jul 23,100.888092,100.228145,0.014358,0.470256,0.032521,0.286081,100.818062,101.584921,101.027032,100.564068,98.7244,100.206185,100.572192,100.889331,100.116498,98.578451,101.64782,98.789905
Ago 23,100.885998,100.231674,-0.002095,0.427276,0.00353,0.454366,100.888541,101.655708,101.006236,100.566624,98.791405,100.138378,100.469904,100.967887,100.053238,98.529609,101.614883,98.806502
Sep 23,100.865852,100.22874,-0.020146,0.375336,-0.002935,0.568971,100.939658,101.690968,100.956051,100.565101,98.885837,100.084765,100.376591,101.04165,100.009894,98.515494,101.580775,98.808064
Oct 23,100.82126,100.25425,-0.044592,0.29599,0.025511,0.650641,100.955336,101.666622,100.873205,100.562499,98.990784,100.032874,100.315029,101.113018,100.013592,98.498902,101.547826,98.840814
Nov 23,100.755245,100.336895,-0.066016,0.182483,0.082645,0.734543,100.939924,101.568531,100.752497,100.55948,99.086555,99.994353,100.30701,101.18864,100.069709,98.445566,101.516534,98.94676
Dic 23,100.681743,100.456472,-0.073502,0.054728,0.119577,0.809484,100.913523,101.428694,100.598401,100.556327,99.164484,99.982116,100.340843,101.268301,100.139644,98.375821,101.486065,99.118867
Ene 24,100.609052,100.576505,-0.072691,-0.068068,0.120034,0.841351,100.87965,101.265916,100.430969,100.553928,99.222487,99.997514,100.390247,101.341732,100.184943,98.324331,101.455128,99.326272
Feb 24,100.540082,100.66747,-0.06897,-0.177936,0.090964,0.823619,100.838947,101.090678,100.274535,100.552199,99.264193,100.025173,100.428315,101.398878,100.190012,98.323947,101.422243,99.540151
Mar 24,100.472926,100.712203,-0.067156,-0.283181,0.044733,0.759494,100.788414,100.936379,100.133131,100.551102,99.29733,100.027704,100.453038,101.427039,100.153395,98.397749,101.386554,99.733059
Abr 24,100.410561,100.692425,-0.062365,-0.386294,-0.019777,0.640055,100.732864,100.809771,100.014388,100.551086,99.321581,100.001897,100.454715,101.409301,100.067633,98.57089,101.348927,99.894712
May 24,100.357347,100.608035,-0.053214,-0.482047,-0.084391,0.474605,100.693866,100.722871,99.918116,100.549269,99.346382,99.951207,100.429545,101.343667,99.938314,98.855294,101.311315,100.038133
Jun 24,100.313327,100.470003,-0.04402,-0.560407,-0.138032,0.274379,100.658289,100.662984,99.846045,100.542064,99.352293,99.884123,100.377561,101.236576,99.782419,99.237412,101.271822,100.165764
Jul 24,100.274072,100.30426,-0.039255,-0.614021,-0.165743,0.076115,100.607989,100.603624,99.799049,100.527691,99.315806,99.797745,100.304682,101.109561,99.623004,99.667238,101.22625,100.27162
Ago 24,100.227385,100.129114,-0.046687,-0.658613,-0.175146,-0.102561,100.524119,100.51623,99.763848,100.502775,99.246231,99.696808,100.228566,100.972291,99.470253,100.115067,101.170281,100.35449
Sep 24,100.170475,99.961352,-0.05691,-0.695377,-0.167762,-0.267388,100.418188,100.394529,99.737196,100.466622,99.164695,99.585432,100.154715,100.819307,99.333169,100.53274,101.10261,100.421354
Oct 24,100.10504,99.80783,-0.065435,-0.71622,-0.153522,-0.446421,100.303743,100.240854,99.717137,100.420502,99.099536,99.486316,100.071439,100.66315,99.218308,100.886346,101.022522,100.459297
Nov 24,100.037689,99.666865,-0.067351,-0.717555,-0.140965,-0.670031,100.208709,100.096105,99.713838,100.367899,99.09106,99.394492,99.969602,100.501417,99.143498,101.165426,100.929824,100.444914
Dic 24,99.976302,99.537549,-0.061387,-0.705441,-0.129315,-0.918922,100.142715,99.984133,99.731785,100.311633,99.124756,99.298998,99.839995,100.328765,99.123283,101.357244,100.822778,100.359903
Ene 25,99.930164,99.427516,-0.046139,-0.678888,-0.110033,-1.148989,100.117118,99.927022,99.760856,100.252883,99.179926,99.206896,99.701699,100.149457,99.161889,101.461922,100.699946,100.203895
Feb 25,99.894788,99.344873,-0.035376,-0.645294,-0.082643,-1.322597,100.109531,99.9059,99.788151,100.192471,99.239465,99.129173,99.558834,99.966641,99.248359,101.473213,100.559297,100.002464
Mar 25,99.856438,99.304971,-0.03835,-0.616488,-0.039902,-1.407232,100.088978,99.871627,99.80586,100.130644,99.308112,99.080938,99.416664,99.808202,99.369235,101.396573,100.403452,99.801484
Abr 25,99.8051,99.334255,-0.051338,-0.605462,0.029284,-1.358171,100.050048,99.810342,99.814857,100.066523,99.414111,99.053356,99.304594,99.696308,99.511323,101.247851,100.234336,99.679702
May 25,99.751148,99.441243,-0.053952,-0.606199,0.106988,-1.166792,99.998657,99.729754,99.826451,100.000477,99.522002,99.044051,99.23044,99.651686,99.651784,101.048854,100.059178,99.69128
Jun 25,99.695229,99.596168,-0.055919,-0.618098,0.154925,-0.873835,99.936921,99.623511,99.841813,99.934744,99.634571,99.06027,99.188465,99.644609,99.78225,100.834673,99.883934,99.806208
Jul 25,99.6416,99.769544,-0.053629,-0.632472,0.173376,-0.534716,99.872723,99.511067,99.86333,99.872172,99.766857,99.108443,99.164426,99.649679,99.910884,100.630632,99.716537,99.97618
Ago 25,99.600251,99.936166,-0.04135,-0.627134,0.166621,-0.192948,99.826672,99.429486,99.89223,99.816664,99.930751,99.193868,99.149593,99.642844,100.046594,100.448813,99.56633,100.151277
Sep 25,99.582126,100.084052,-0.018125,-0.588349,0.147887,0.122701,99.798992,99.396497,99.925391,99.771727,100.070674,99.304234,99.136381,99.617773,100.186579,100.281068,99.434381,100.298873
Oct 25,99.590703,100.209512,0.008577,-0.514337,0.12546,0.401682,99.791175,99.410533,99.960492,99.73569,100.151774,99.42832,99.14503,99.57182,100.317047,100.119486,99.31687,100.396752
Nov 25,99.6072,100.315974,0.016497,-0.430489,0.106462,0.649109,99.787253,99.446281,99.987179,99.705551,100.216711,99.557726,99.182095,99.51242,100.437709,99.959986,99.212073,100.43737
Dic 25,99.623294,100.412873,0.016094,-0.353009,0.096899,0.875324,99.787902,99.482188,99.994436,99.679518,100.285121,99.698927,99.265089,99.449734,100.547861,99.806404,99.119223,100.431505
Ene 26,99.636761,100.498938,0.013467,-0.293403,0.086065,1.071422,99.80225,99.518897,99.984209,99.65561,100.389843,99.862517,99.391604,99.389232,100.639832,99.676424,99.036744,100.394143
Feb 26,99.660541,100.567107,0.02378,-0.234247,0.068169,1.222234,99.85904,99.57956,99.95556,99.632307,100.515751,100.056753,99.546012,99.333716,100.694158,99.591228,98.962606,100.349303
Mar 26,99.703171,100.618938,0.042631,-0.153266,0.051831,1.313967,99.962011,99.669968,99.920662,99.608284,100.635757,100.282217,99.717207,99.286867,100.696326,99.562355,98.89219,100.331696
Abr 26,99.766443,100.664993,0.063272,-0.038656,0.046055,1.330738,100.094416,99.791371,99.877825,99.584,100.715535,100.53139,99.874979,99.253601,100.658182,99.568915,98.824227,100.372852
May 26,99.839386,100.707748,0.072943,0.088238,0.042755,1.266505,100.225959,99.911741,99.824534,99.562954,100.746164,100.79495,100.023675,99.236124,100.59035,99.595789,98.764282,100.455244
Jun 26,99.923859,100.741806,0.084473,0.22863,0.034058,1.145639,100.356612,100.033774,99.761238,99.54803,100.719442,101.069159,100.160256,99.242973,100.496565,99.62964,98.718511,100.541493
Jul 26,100.022337,100.769223,0.098477,0.380736,0.027416,0.999678,100.491865,100.158475,99.693964,99.537056,100.638019,101.360238,100.296868,99.264543,100.383987,99.659767,98.688209,100.619451
Ago 26,,100.792439,,,0.023217,0.856274,,,,99.528155,100.528134,101.628724,100.427363,99.300256,100.257128,99.681284,98.668417,100.688984
